INFO:     Will watch for changes in these directories: ['/Users/michael/dev/shs/shs-back']
INFO:     Uvicorn running on http://0.0.0.0:8000 (Press CTRL+C to quit)
INFO:     Started reloader process [37679] using StatReload
/Users/michael/dev/shs/shs-back/app/models/pos_staging.py:5: SAWarning: Can't validate argument 'check_constraint'; can't locate any SQLAlchemy dialect named 'check'
  class POSStagingTransaction(Base):
INFO:     Started server process [37682]
INFO:     Waiting for application startup.
INFO:     Application startup complete.
--- 数据库连接尝试：localhost:5432/shs_db ---
--- 正在检查并创建表结构 ---
INFO:     127.0.0.1:57186 - "GET / HTTP/1.1" 200 OK
INFO:     127.0.0.1:57232 - "OPTIONS /api/v1/customer/?skip=0&limit=50 HTTP/1.1" 200 OK
INFO:     127.0.0.1:57233 - "GET /api/v1/customer/?skip=0&limit=50 HTTP/1.1" 200 OK
INFO:     127.0.0.1:57231 - "GET /api/v1/org/regions/tree HTTP/1.1" 200 OK
INFO:     127.0.0.1:57235 - "GET /api/v1/org/regions/tree HTTP/1.1" 200 OK
2026-05-27 21:59:05,628 - INFO - --- 正在检查并创建表结构 ---
2026-05-28 03:02:59,544 - INFO - --- 正在检查并创建表结构 ---
2026-05-28 11:07:44,392 - INFO - --- 正在检查并创建表结构 ---
2026-05-28 11:10:53,619 - INFO - --- 正在检查并创建表结构 ---
2026-05-28 11:16:34,798 - INFO - --- 正在检查并创建表结构 ---
2026-05-28 11:24:04,351 - INFO - --- 正在检查并创建表结构 ---
2026-05-28 11:26:28,820 - WARNING - ⚠️ Business Error at /api/v1/solar_device/: 401 - User not found
2026-05-28 11:26:28,821 - WARNING - ⚠️ Business Error at /api/v1/org/regions/tree: 401 - User not found
2026-05-28 11:36:50,653 - INFO - --- 正在检查并创建表结构 ---
2026-05-28 11:38:52,631 - INFO - --- 正在检查并创建表结构 ---
2026-05-28 11:55:14,217 - INFO - --- 正在检查并创建表结构 ---
2026-05-28 12:01:06,211 - INFO - --- 正在检查并创建表结构 ---
2026-05-28 14:25:20,542 - INFO - --- 正在检查并创建表结构 ---
2026-05-28 16:10:36,075 - INFO - --- 正在检查并创建表结构 ---
2026-05-28 16:29:59,174 - INFO - --- 正在检查并创建表结构 ---
2026-05-28 16:36:35,952 - INFO - --- 正在检查并创建表结构 ---
2026-05-28 16:45:04,990 - INFO - --- 正在检查并创建表结构 ---
2026-05-28 16:45:19,316 - INFO - --- 正在检查并创建表结构 ---
2026-05-28 16:45:30,512 - INFO - --- 正在检查并创建表结构 ---
2026-05-28 16:45:40,849 - INFO - --- 正在检查并创建表结构 ---
2026-05-28 16:51:02,130 - INFO - --- 正在检查并创建表结构 ---
2026-05-28 16:52:13,213 - INFO - --- 正在检查并创建表结构 ---
2026-05-28 16:52:19,134 - INFO - --- 正在检查并创建表结构 ---
2026-05-28 16:52:25,877 - INFO - --- 正在检查并创建表结构 ---
2026-05-28 17:10:04,417 - INFO - --- 正在检查并创建表结构 ---
2026-05-28 17:16:43,370 - INFO - --- 正在检查并创建表结构 ---
2026-05-28 17:25:43,220 - INFO - --- 正在检查并创建表结构 ---
2026-05-28 17:29:36,032 - INFO - --- 正在检查并创建表结构 ---
2026-05-28 18:00:24,576 - INFO - --- 正在检查并创建表结构 ---
2026-05-28 18:02:58,578 - INFO - --- 正在检查并创建表结构 ---
2026-05-28 18:03:22,098 - WARNING - ⚠️ Business Error at /api/v1/org/regions/tree: 401 - User not found
2026-05-28 18:03:22,463 - WARNING - ⚠️ Business Error at /api/v1/finance/transactions: 401 - Not authenticated
2026-05-28 18:03:22,464 - WARNING - ⚠️ Business Error at /api/v1/finance/summary: 401 - Not authenticated
2026-05-28 18:03:35,006 - WARNING - ⚠️ Business Error at /api/v1/login/token-json: 400 - Incorrect password
2026-05-28 18:36:20,380 - INFO - --- 正在检查并创建表结构 ---
2026-05-28 18:38:46,464 - INFO - --- 正在检查并创建表结构 ---
2026-05-28 18:40:32,223 - INFO - --- 正在检查并创建表结构 ---
2026-05-28 18:40:48,490 - WARNING - ⚠️ Business Error at /api/v1/finance/transactions: 401 - User not found
2026-05-28 18:40:48,491 - WARNING - ⚠️ Business Error at /api/v1/dashboard/stats: 401 - User not found
2026-05-28 18:40:48,496 - WARNING - ⚠️ Business Error at /api/v1/org/regions/tree: 401 - User not found
2026-05-28 18:51:58,210 - INFO - --- 正在检查并创建表结构 ---
2026-05-28 19:23:43,297 - INFO - --- 正在检查并创建表结构 ---
2026-05-28 19:27:24,630 - ERROR - System Error: /api/v1/finance/export-customer-summary - name 'joinedload' is not defined
Traceback (most recent call last):
  File "/Users/michael/dev/shs/shs-back/.venv/lib/python3.12/site-packages/starlette/middleware/errors.py", line 164, in __call__
    await self.app(scope, receive, _send)
  File "/Users/michael/dev/shs/shs-back/.venv/lib/python3.12/site-packages/starlette/middleware/cors.py", line 96, in __call__
    await self.simple_response(scope, receive, send, request_headers=headers)
  File "/Users/michael/dev/shs/shs-back/.venv/lib/python3.12/site-packages/starlette/middleware/cors.py", line 154, in simple_response
    await self.app(scope, receive, send)
  File "/Users/michael/dev/shs/shs-back/.venv/lib/python3.12/site-packages/starlette/middleware/exceptions.py", line 63, in __call__
    await wrap_app_handling_exceptions(self.app, conn)(scope, receive, send)
  File "/Users/michael/dev/shs/shs-back/.venv/lib/python3.12/site-packages/starlette/_exception_handler.py", line 53, in wrapped_app
    raise exc
  File "/Users/michael/dev/shs/shs-back/.venv/lib/python3.12/site-packages/starlette/_exception_handler.py", line 42, in wrapped_app
    await app(scope, receive, sender)
  File "/Users/michael/dev/shs/shs-back/.venv/lib/python3.12/site-packages/fastapi/middleware/asyncexitstack.py", line 18, in __call__
    await self.app(scope, receive, send)
  File "/Users/michael/dev/shs/shs-back/.venv/lib/python3.12/site-packages/starlette/routing.py", line 660, in __call__
    await self.middleware_stack(scope, receive, send)
  File "/Users/michael/dev/shs/shs-back/.venv/lib/python3.12/site-packages/starlette/routing.py", line 680, in app
    await route.handle(scope, receive, send)
  File "/Users/michael/dev/shs/shs-back/.venv/lib/python3.12/site-packages/starlette/routing.py", line 276, in handle
    await self.app(scope, receive, send)
  File "/Users/michael/dev/shs/shs-back/.venv/lib/python3.12/site-packages/fastapi/routing.py", line 134, in app
    await wrap_app_handling_exceptions(app, request)(scope, receive, send)
  File "/Users/michael/dev/shs/shs-back/.venv/lib/python3.12/site-packages/starlette/_exception_handler.py", line 53, in wrapped_app
    raise exc
  File "/Users/michael/dev/shs/shs-back/.venv/lib/python3.12/site-packages/starlette/_exception_handler.py", line 42, in wrapped_app
    await app(scope, receive, sender)
  File "/Users/michael/dev/shs/shs-back/.venv/lib/python3.12/site-packages/fastapi/routing.py", line 120, in app
    response = await f(request)
               ^^^^^^^^^^^^^^^^
  File "/Users/michael/dev/shs/shs-back/.venv/lib/python3.12/site-packages/fastapi/routing.py", line 674, in app
    raw_response = await run_endpoint_function(
                   ^^^^^^^^^^^^^^^^^^^^^^^^^^^^
  File "/Users/michael/dev/shs/shs-back/.venv/lib/python3.12/site-packages/fastapi/routing.py", line 330, in run_endpoint_function
    return await run_in_threadpool(dependant.call, **values)
           ^^^^^^^^^^^^^^^^^^^^^^^^^^^^^^^^^^^^^^^^^^^^^^^^^
  File "/Users/michael/dev/shs/shs-back/.venv/lib/python3.12/site-packages/starlette/concurrency.py", line 32, in run_in_threadpool
    return await anyio.to_thread.run_sync(func)
           ^^^^^^^^^^^^^^^^^^^^^^^^^^^^^^^^^^^^
  File "/Users/michael/dev/shs/shs-back/.venv/lib/python3.12/site-packages/anyio/to_thread.py", line 63, in run_sync
    return await get_async_backend().run_sync_in_worker_thread(
           ^^^^^^^^^^^^^^^^^^^^^^^^^^^^^^^^^^^^^^^^^^^^^^^^^^^^
  File "/Users/michael/dev/shs/shs-back/.venv/lib/python3.12/site-packages/anyio/_backends/_asyncio.py", line 2518, in run_sync_in_worker_thread
    return await future
           ^^^^^^^^^^^^
  File "/Users/michael/dev/shs/shs-back/.venv/lib/python3.12/site-packages/anyio/_backends/_asyncio.py", line 1002, in run
    result = context.run(func, *args)
             ^^^^^^^^^^^^^^^^^^^^^^^^
  File "/Users/michael/dev/shs/shs-back/app/api/v1/endpoints/finance.py", line 242, in export_customer_summary
    joinedload(Customer.region).joinedload(Region.parent),
    ^^^^^^^^^^
NameError: name 'joinedload' is not defined
2026-05-28 19:27:48,532 - ERROR - System Error: /api/v1/finance/export-customer-summary - name 'joinedload' is not defined
Traceback (most recent call last):
  File "/Users/michael/dev/shs/shs-back/.venv/lib/python3.12/site-packages/starlette/middleware/errors.py", line 164, in __call__
    await self.app(scope, receive, _send)
  File "/Users/michael/dev/shs/shs-back/.venv/lib/python3.12/site-packages/starlette/middleware/cors.py", line 96, in __call__
    await self.simple_response(scope, receive, send, request_headers=headers)
  File "/Users/michael/dev/shs/shs-back/.venv/lib/python3.12/site-packages/starlette/middleware/cors.py", line 154, in simple_response
    await self.app(scope, receive, send)
  File "/Users/michael/dev/shs/shs-back/.venv/lib/python3.12/site-packages/starlette/middleware/exceptions.py", line 63, in __call__
    await wrap_app_handling_exceptions(self.app, conn)(scope, receive, send)
  File "/Users/michael/dev/shs/shs-back/.venv/lib/python3.12/site-packages/starlette/_exception_handler.py", line 53, in wrapped_app
    raise exc
  File "/Users/michael/dev/shs/shs-back/.venv/lib/python3.12/site-packages/starlette/_exception_handler.py", line 42, in wrapped_app
    await app(scope, receive, sender)
  File "/Users/michael/dev/shs/shs-back/.venv/lib/python3.12/site-packages/fastapi/middleware/asyncexitstack.py", line 18, in __call__
    await self.app(scope, receive, send)
  File "/Users/michael/dev/shs/shs-back/.venv/lib/python3.12/site-packages/starlette/routing.py", line 660, in __call__
    await self.middleware_stack(scope, receive, send)
  File "/Users/michael/dev/shs/shs-back/.venv/lib/python3.12/site-packages/starlette/routing.py", line 680, in app
    await route.handle(scope, receive, send)
  File "/Users/michael/dev/shs/shs-back/.venv/lib/python3.12/site-packages/starlette/routing.py", line 276, in handle
    await self.app(scope, receive, send)
  File "/Users/michael/dev/shs/shs-back/.venv/lib/python3.12/site-packages/fastapi/routing.py", line 134, in app
    await wrap_app_handling_exceptions(app, request)(scope, receive, send)
  File "/Users/michael/dev/shs/shs-back/.venv/lib/python3.12/site-packages/starlette/_exception_handler.py", line 53, in wrapped_app
    raise exc
  File "/Users/michael/dev/shs/shs-back/.venv/lib/python3.12/site-packages/starlette/_exception_handler.py", line 42, in wrapped_app
    await app(scope, receive, sender)
  File "/Users/michael/dev/shs/shs-back/.venv/lib/python3.12/site-packages/fastapi/routing.py", line 120, in app
    response = await f(request)
               ^^^^^^^^^^^^^^^^
  File "/Users/michael/dev/shs/shs-back/.venv/lib/python3.12/site-packages/fastapi/routing.py", line 674, in app
    raw_response = await run_endpoint_function(
                   ^^^^^^^^^^^^^^^^^^^^^^^^^^^^
  File "/Users/michael/dev/shs/shs-back/.venv/lib/python3.12/site-packages/fastapi/routing.py", line 330, in run_endpoint_function
    return await run_in_threadpool(dependant.call, **values)
           ^^^^^^^^^^^^^^^^^^^^^^^^^^^^^^^^^^^^^^^^^^^^^^^^^
  File "/Users/michael/dev/shs/shs-back/.venv/lib/python3.12/site-packages/starlette/concurrency.py", line 32, in run_in_threadpool
    return await anyio.to_thread.run_sync(func)
           ^^^^^^^^^^^^^^^^^^^^^^^^^^^^^^^^^^^^
  File "/Users/michael/dev/shs/shs-back/.venv/lib/python3.12/site-packages/anyio/to_thread.py", line 63, in run_sync
    return await get_async_backend().run_sync_in_worker_thread(
           ^^^^^^^^^^^^^^^^^^^^^^^^^^^^^^^^^^^^^^^^^^^^^^^^^^^^
  File "/Users/michael/dev/shs/shs-back/.venv/lib/python3.12/site-packages/anyio/_backends/_asyncio.py", line 2518, in run_sync_in_worker_thread
    return await future
           ^^^^^^^^^^^^
  File "/Users/michael/dev/shs/shs-back/.venv/lib/python3.12/site-packages/anyio/_backends/_asyncio.py", line 1002, in run
    result = context.run(func, *args)
             ^^^^^^^^^^^^^^^^^^^^^^^^
  File "/Users/michael/dev/shs/shs-back/app/api/v1/endpoints/finance.py", line 242, in export_customer_summary
    joinedload(Customer.region).joinedload(Region.parent),
    ^^^^^^^^^^
NameError: name 'joinedload' is not defined
2026-05-28 19:28:29,165 - INFO - --- 正在检查并创建表结构 ---
2026-05-28 19:28:47,184 - INFO - --- 正在检查并创建表结构 ---
2026-05-29 10:37:49,492 - INFO - --- 正在检查并创建表结构 ---
2026-05-29 13:13:22,913 - INFO - --- 正在检查并创建表结构 ---
2026-05-29 14:23:49,762 - INFO - --- 正在检查并创建表结构 ---
2026-05-29 14:23:56,564 - INFO - --- 正在检查并创建表结构 ---
2026-05-29 15:37:21,498 - INFO - --- 正在检查并创建表结构 ---
2026-05-29 16:12:59,209 - INFO - --- 正在检查并创建表结构 ---
2026-05-29 16:13:24,007 - INFO - --- 正在检查并创建表结构 ---
2026-05-29 16:16:13,527 - INFO - --- 正在检查并创建表结构 ---
2026-05-29 16:55:46,625 - INFO - --- 正在检查并创建表结构 ---
2026-05-29 16:59:32,435 - INFO - --- 正在检查并创建表结构 ---
2026-05-29 16:59:42,953 - INFO - --- 正在检查并创建表结构 ---
2026-05-29 17:28:43,658 - INFO - --- 正在检查并创建表结构 ---
2026-05-29 18:13:19,883 - INFO - --- 正在检查并创建表结构 ---
2026-05-29 18:22:44,849 - INFO - --- 正在检查并创建表结构 ---
2026-05-29 18:35:20,262 - INFO - --- 正在检查并创建表结构 ---
2026-05-29 18:35:20,486 - INFO - Adding job tentatively -- it will be properly scheduled when the scheduler starts
2026-05-29 18:35:20,486 - INFO - Added job "perform_db_backup" to job store "default"
2026-05-29 18:35:20,486 - INFO - Scheduler started
2026-05-29 18:35:20,486 - INFO - ⏰ Database auto-backup scheduler started (Daily at 02:00)
2026-05-29 18:36:10,823 - INFO - Scheduler has been shut down
2026-05-29 19:38:46,886 - INFO - --- 正在检查并创建表结构 ---
2026-05-29 19:38:47,323 - INFO - Adding job tentatively -- it will be properly scheduled when the scheduler starts
2026-05-29 19:38:47,323 - INFO - Added job "perform_db_backup" to job store "default"
2026-05-29 19:38:47,323 - INFO - Scheduler started
2026-05-29 19:38:47,323 - INFO - ⏰ Database auto-backup scheduler started (Daily at 02:00)
2026-05-29 19:42:31,259 - INFO - Scheduler has been shut down
2026-05-29 19:42:33,283 - INFO - --- 正在检查并创建表结构 ---
2026-05-29 19:42:33,541 - INFO - Adding job tentatively -- it will be properly scheduled when the scheduler starts
2026-05-29 19:42:33,542 - INFO - Added job "perform_db_backup" to job store "default"
2026-05-29 19:42:33,542 - INFO - Scheduler started
2026-05-29 19:42:33,542 - INFO - ⏰ Database auto-backup scheduler started (Daily at 02:00)
2026-05-29 19:46:43,489 - INFO - Scheduler has been shut down
2026-05-29 19:46:50,028 - INFO - --- 正在检查并创建表结构 ---
2026-05-29 19:46:51,267 - INFO - Adding job tentatively -- it will be properly scheduled when the scheduler starts
2026-05-29 19:46:51,268 - INFO - Added job "perform_db_backup" to job store "default"
2026-05-29 19:46:51,268 - INFO - Scheduler started
2026-05-29 19:46:51,270 - INFO - ⏰ Database auto-backup scheduler started (Daily at 02:00)
2026-05-29 19:47:04,609 - INFO - Scheduler has been shut down
2026-05-29 19:47:09,840 - INFO - --- 正在检查并创建表结构 ---
2026-05-29 19:47:10,225 - INFO - Adding job tentatively -- it will be properly scheduled when the scheduler starts
2026-05-29 19:47:10,226 - INFO - Added job "perform_db_backup" to job store "default"
2026-05-29 19:47:10,226 - INFO - Scheduler started
2026-05-29 19:47:10,227 - INFO - ⏰ Database auto-backup scheduler started (Daily at 02:00)
2026-05-29 19:49:35,277 - INFO - Scheduler has been shut down
2026-05-29 19:49:37,819 - INFO - --- 正在检查并创建表结构 ---
2026-05-29 19:49:38,021 - INFO - Adding job tentatively -- it will be properly scheduled when the scheduler starts
2026-05-29 19:49:38,021 - INFO - Added job "perform_db_backup" to job store "default"
2026-05-29 19:49:38,021 - INFO - Scheduler started
2026-05-29 19:49:38,021 - INFO - ⏰ Database auto-backup scheduler started (Daily at 02:00)
2026-05-29 19:49:40,248 - INFO - Scheduler has been shut down
2026-05-30 21:53:56,908 - INFO - --- 正在检查并创建表结构 ---
2026-05-30 21:53:57,063 - INFO - Adding job tentatively -- it will be properly scheduled when the scheduler starts
2026-05-30 21:53:57,063 - INFO - Added job "perform_db_backup" to job store "default"
2026-05-30 21:53:57,063 - INFO - Scheduler started
2026-05-30 21:53:57,063 - INFO - ⏰ Database auto-backup scheduler started (Daily at 02:00)
2026-05-30 21:56:18,562 - INFO - Scheduler has been shut down
2026-05-30 21:56:19,946 - INFO - --- 正在检查并创建表结构 ---
2026-05-30 21:56:20,071 - INFO - Adding job tentatively -- it will be properly scheduled when the scheduler starts
2026-05-30 21:56:20,071 - INFO - Added job "perform_db_backup" to job store "default"
2026-05-30 21:56:20,071 - INFO - Scheduler started
2026-05-30 21:56:20,072 - INFO - ⏰ Database auto-backup scheduler started (Daily at 02:00)
2026-05-30 22:06:11,507 - INFO - --- 正在检查并创建表结构 ---
2026-05-30 22:06:11,722 - INFO - Adding job tentatively -- it will be properly scheduled when the scheduler starts
2026-05-30 22:06:11,722 - INFO - Added job "perform_db_backup" to job store "default"
2026-05-30 22:06:11,722 - INFO - Scheduler started
2026-05-30 22:06:11,722 - INFO - ⏰ Database auto-backup scheduler started (Daily at 02:00)
2026-05-30 22:06:24,367 - ERROR - System Error: /api/v1/finance/transactions - 20 validation errors:
  {'type': 'string_type', 'loc': ('response', 'items', 0, 'card_uuid'), 'msg': 'Input should be a valid string', 'input': None}
  {'type': 'string_type', 'loc': ('response', 'items', 1, 'card_uuid'), 'msg': 'Input should be a valid string', 'input': None}
  {'type': 'string_type', 'loc': ('response', 'items', 2, 'card_uuid'), 'msg': 'Input should be a valid string', 'input': None}
  {'type': 'string_type', 'loc': ('response', 'items', 3, 'card_uuid'), 'msg': 'Input should be a valid string', 'input': None}
  {'type': 'string_type', 'loc': ('response', 'items', 4, 'card_uuid'), 'msg': 'Input should be a valid string', 'input': None}
  {'type': 'string_type', 'loc': ('response', 'items', 5, 'card_uuid'), 'msg': 'Input should be a valid string', 'input': None}
  {'type': 'string_type', 'loc': ('response', 'items', 6, 'card_uuid'), 'msg': 'Input should be a valid string', 'input': None}
  {'type': 'string_type', 'loc': ('response', 'items', 7, 'card_uuid'), 'msg': 'Input should be a valid string', 'input': None}
  {'type': 'string_type', 'loc': ('response', 'items', 8, 'card_uuid'), 'msg': 'Input should be a valid string', 'input': None}
  {'type': 'string_type', 'loc': ('response', 'items', 9, 'card_uuid'), 'msg': 'Input should be a valid string', 'input': None}
  {'type': 'string_type', 'loc': ('response', 'items', 10, 'card_uuid'), 'msg': 'Input should be a valid string', 'input': None}
  {'type': 'string_type', 'loc': ('response', 'items', 11, 'card_uuid'), 'msg': 'Input should be a valid string', 'input': None}
  {'type': 'string_type', 'loc': ('response', 'items', 12, 'card_uuid'), 'msg': 'Input should be a valid string', 'input': None}
  {'type': 'string_type', 'loc': ('response', 'items', 13, 'card_uuid'), 'msg': 'Input should be a valid string', 'input': None}
  {'type': 'string_type', 'loc': ('response', 'items', 14, 'card_uuid'), 'msg': 'Input should be a valid string', 'input': None}
  {'type': 'string_type', 'loc': ('response', 'items', 15, 'card_uuid'), 'msg': 'Input should be a valid string', 'input': None}
  {'type': 'string_type', 'loc': ('response', 'items', 16, 'card_uuid'), 'msg': 'Input should be a valid string', 'input': None}
  {'type': 'string_type', 'loc': ('response', 'items', 17, 'card_uuid'), 'msg': 'Input should be a valid string', 'input': None}
  {'type': 'string_type', 'loc': ('response', 'items', 18, 'card_uuid'), 'msg': 'Input should be a valid string', 'input': None}
  {'type': 'string_type', 'loc': ('response', 'items', 19, 'card_uuid'), 'msg': 'Input should be a valid string', 'input': None}

  File "/Users/michael/dev/shs/shs-back/app/api/v1/endpoints/finance.py", line 76, in get_transactions
    GET /api/v1/finance/transactions
Traceback (most recent call last):
  File "/Users/michael/dev/shs/shs-back/.venv/lib/python3.12/site-packages/starlette/middleware/errors.py", line 164, in __call__
    await self.app(scope, receive, _send)
  File "/Users/michael/dev/shs/shs-back/.venv/lib/python3.12/site-packages/starlette/middleware/base.py", line 191, in __call__
    with recv_stream, send_stream, collapse_excgroups():
                                   ^^^^^^^^^^^^^^^^^^^^
  File "/Library/Frameworks/Python.framework/Versions/3.12/lib/python3.12/contextlib.py", line 158, in __exit__
    self.gen.throw(value)
  File "/Users/michael/dev/shs/shs-back/.venv/lib/python3.12/site-packages/starlette/_utils.py", line 87, in collapse_excgroups
    raise exc
  File "/Users/michael/dev/shs/shs-back/.venv/lib/python3.12/site-packages/starlette/middleware/base.py", line 193, in __call__
    response = await self.dispatch_func(request, call_next)
               ^^^^^^^^^^^^^^^^^^^^^^^^^^^^^^^^^^^^^^^^^^^^
  File "/Users/michael/dev/shs/shs-back/app/main.py", line 122, in add_private_network_access_header
    response = await call_next(request)
               ^^^^^^^^^^^^^^^^^^^^^^^^
  File "/Users/michael/dev/shs/shs-back/.venv/lib/python3.12/site-packages/starlette/middleware/base.py", line 168, in call_next
    raise app_exc from app_exc.__cause__ or app_exc.__context__
  File "/Users/michael/dev/shs/shs-back/.venv/lib/python3.12/site-packages/starlette/middleware/base.py", line 144, in coro
    await self.app(scope, receive_or_disconnect, send_no_error)
  File "/Users/michael/dev/shs/shs-back/.venv/lib/python3.12/site-packages/starlette/middleware/cors.py", line 96, in __call__
    await self.simple_response(scope, receive, send, request_headers=headers)
  File "/Users/michael/dev/shs/shs-back/.venv/lib/python3.12/site-packages/starlette/middleware/cors.py", line 154, in simple_response
    await self.app(scope, receive, send)
  File "/Users/michael/dev/shs/shs-back/.venv/lib/python3.12/site-packages/starlette/middleware/exceptions.py", line 63, in __call__
    await wrap_app_handling_exceptions(self.app, conn)(scope, receive, send)
  File "/Users/michael/dev/shs/shs-back/.venv/lib/python3.12/site-packages/starlette/_exception_handler.py", line 53, in wrapped_app
    raise exc
  File "/Users/michael/dev/shs/shs-back/.venv/lib/python3.12/site-packages/starlette/_exception_handler.py", line 42, in wrapped_app
    await app(scope, receive, sender)
  File "/Users/michael/dev/shs/shs-back/.venv/lib/python3.12/site-packages/fastapi/middleware/asyncexitstack.py", line 18, in __call__
    await self.app(scope, receive, send)
  File "/Users/michael/dev/shs/shs-back/.venv/lib/python3.12/site-packages/starlette/routing.py", line 660, in __call__
    await self.middleware_stack(scope, receive, send)
  File "/Users/michael/dev/shs/shs-back/.venv/lib/python3.12/site-packages/starlette/routing.py", line 680, in app
    await route.handle(scope, receive, send)
  File "/Users/michael/dev/shs/shs-back/.venv/lib/python3.12/site-packages/starlette/routing.py", line 276, in handle
    await self.app(scope, receive, send)
  File "/Users/michael/dev/shs/shs-back/.venv/lib/python3.12/site-packages/fastapi/routing.py", line 134, in app
    await wrap_app_handling_exceptions(app, request)(scope, receive, send)
  File "/Users/michael/dev/shs/shs-back/.venv/lib/python3.12/site-packages/starlette/_exception_handler.py", line 53, in wrapped_app
    raise exc
  File "/Users/michael/dev/shs/shs-back/.venv/lib/python3.12/site-packages/starlette/_exception_handler.py", line 42, in wrapped_app
    await app(scope, receive, sender)
  File "/Users/michael/dev/shs/shs-back/.venv/lib/python3.12/site-packages/fastapi/routing.py", line 120, in app
    response = await f(request)
               ^^^^^^^^^^^^^^^^
  File "/Users/michael/dev/shs/shs-back/.venv/lib/python3.12/site-packages/fastapi/routing.py", line 695, in app
    content = await serialize_response(
              ^^^^^^^^^^^^^^^^^^^^^^^^^
  File "/Users/michael/dev/shs/shs-back/.venv/lib/python3.12/site-packages/fastapi/routing.py", line 300, in serialize_response
    raise ResponseValidationError(
fastapi.exceptions.ResponseValidationError: 20 validation errors:
  {'type': 'string_type', 'loc': ('response', 'items', 0, 'card_uuid'), 'msg': 'Input should be a valid string', 'input': None}
  {'type': 'string_type', 'loc': ('response', 'items', 1, 'card_uuid'), 'msg': 'Input should be a valid string', 'input': None}
  {'type': 'string_type', 'loc': ('response', 'items', 2, 'card_uuid'), 'msg': 'Input should be a valid string', 'input': None}
  {'type': 'string_type', 'loc': ('response', 'items', 3, 'card_uuid'), 'msg': 'Input should be a valid string', 'input': None}
  {'type': 'string_type', 'loc': ('response', 'items', 4, 'card_uuid'), 'msg': 'Input should be a valid string', 'input': None}
  {'type': 'string_type', 'loc': ('response', 'items', 5, 'card_uuid'), 'msg': 'Input should be a valid string', 'input': None}
  {'type': 'string_type', 'loc': ('response', 'items', 6, 'card_uuid'), 'msg': 'Input should be a valid string', 'input': None}
  {'type': 'string_type', 'loc': ('response', 'items', 7, 'card_uuid'), 'msg': 'Input should be a valid string', 'input': None}
  {'type': 'string_type', 'loc': ('response', 'items', 8, 'card_uuid'), 'msg': 'Input should be a valid string', 'input': None}
  {'type': 'string_type', 'loc': ('response', 'items', 9, 'card_uuid'), 'msg': 'Input should be a valid string', 'input': None}
  {'type': 'string_type', 'loc': ('response', 'items', 10, 'card_uuid'), 'msg': 'Input should be a valid string', 'input': None}
  {'type': 'string_type', 'loc': ('response', 'items', 11, 'card_uuid'), 'msg': 'Input should be a valid string', 'input': None}
  {'type': 'string_type', 'loc': ('response', 'items', 12, 'card_uuid'), 'msg': 'Input should be a valid string', 'input': None}
  {'type': 'string_type', 'loc': ('response', 'items', 13, 'card_uuid'), 'msg': 'Input should be a valid string', 'input': None}
  {'type': 'string_type', 'loc': ('response', 'items', 14, 'card_uuid'), 'msg': 'Input should be a valid string', 'input': None}
  {'type': 'string_type', 'loc': ('response', 'items', 15, 'card_uuid'), 'msg': 'Input should be a valid string', 'input': None}
  {'type': 'string_type', 'loc': ('response', 'items', 16, 'card_uuid'), 'msg': 'Input should be a valid string', 'input': None}
  {'type': 'string_type', 'loc': ('response', 'items', 17, 'card_uuid'), 'msg': 'Input should be a valid string', 'input': None}
  {'type': 'string_type', 'loc': ('response', 'items', 18, 'card_uuid'), 'msg': 'Input should be a valid string', 'input': None}
  {'type': 'string_type', 'loc': ('response', 'items', 19, 'card_uuid'), 'msg': 'Input should be a valid string', 'input': None}

  File "/Users/michael/dev/shs/shs-back/app/api/v1/endpoints/finance.py", line 76, in get_transactions
    GET /api/v1/finance/transactions
2026-05-30 22:07:26,006 - INFO - Scheduler has been shut down
2026-05-30 22:07:27,095 - INFO - --- 正在检查并创建表结构 ---
2026-05-30 22:07:27,176 - INFO - Adding job tentatively -- it will be properly scheduled when the scheduler starts
2026-05-30 22:07:27,177 - INFO - Added job "perform_db_backup" to job store "default"
2026-05-30 22:07:27,177 - INFO - Scheduler started
2026-05-30 22:07:27,177 - INFO - ⏰ Database auto-backup scheduler started (Daily at 02:00)
2026-05-30 22:15:30,908 - INFO - Scheduler has been shut down
2026-05-30 22:15:32,174 - INFO - --- 正在检查并创建表结构 ---
2026-05-30 22:15:32,393 - INFO - Adding job tentatively -- it will be properly scheduled when the scheduler starts
2026-05-30 22:15:32,393 - INFO - Added job "perform_db_backup" to job store "default"
2026-05-30 22:15:32,394 - INFO - Scheduler started
2026-05-30 22:15:32,394 - INFO - ⏰ Database auto-backup scheduler started (Daily at 02:00)
2026-05-30 22:16:25,734 - INFO - Scheduler has been shut down
2026-05-30 22:16:27,805 - INFO - --- 正在检查并创建表结构 ---
2026-05-30 22:16:27,941 - INFO - Adding job tentatively -- it will be properly scheduled when the scheduler starts
2026-05-30 22:16:27,942 - INFO - Added job "perform_db_backup" to job store "default"
2026-05-30 22:16:27,942 - INFO - Scheduler started
2026-05-30 22:16:27,942 - INFO - ⏰ Database auto-backup scheduler started (Daily at 02:00)
2026-05-30 22:20:49,145 - INFO - Scheduler has been shut down
2026-05-30 22:20:50,874 - INFO - --- 正在检查并创建表结构 ---
2026-05-30 22:20:51,010 - INFO - Adding job tentatively -- it will be properly scheduled when the scheduler starts
2026-05-30 22:20:51,011 - INFO - Added job "perform_db_backup" to job store "default"
2026-05-30 22:20:51,011 - INFO - Scheduler started
2026-05-30 22:20:51,011 - INFO - ⏰ Database auto-backup scheduler started (Daily at 02:00)
2026-05-30 22:28:04,356 - INFO - Scheduler has been shut down
2026-05-30 22:28:06,031 - INFO - --- 正在检查并创建表结构 ---
2026-05-30 22:28:06,217 - INFO - Adding job tentatively -- it will be properly scheduled when the scheduler starts
2026-05-30 22:28:06,217 - INFO - Added job "perform_db_backup" to job store "default"
2026-05-30 22:28:06,217 - INFO - Scheduler started
2026-05-30 22:28:06,217 - INFO - ⏰ Database auto-backup scheduler started (Daily at 02:00)
2026-05-30 22:28:18,256 - INFO - Scheduler has been shut down
2026-05-30 22:28:19,351 - INFO - --- 正在检查并创建表结构 ---
2026-05-30 22:28:19,441 - INFO - Adding job tentatively -- it will be properly scheduled when the scheduler starts
2026-05-30 22:28:19,441 - INFO - Added job "perform_db_backup" to job store "default"
2026-05-30 22:28:19,441 - INFO - Scheduler started
2026-05-30 22:28:19,442 - INFO - ⏰ Database auto-backup scheduler started (Daily at 02:00)
2026-05-30 22:28:56,824 - INFO - Scheduler has been shut down
2026-05-30 22:38:17,766 - INFO - --- 正在检查并创建表结构 ---
2026-05-30 22:38:18,109 - INFO - Adding job tentatively -- it will be properly scheduled when the scheduler starts
2026-05-30 22:38:18,109 - INFO - Added job "perform_db_backup" to job store "default"
2026-05-30 22:38:18,109 - INFO - Scheduler started
2026-05-30 22:38:18,110 - INFO - ⏰ Database auto-backup scheduler started (Daily at 02:00)
2026-05-30 22:38:18,919 - INFO - Scheduler has been shut down
2026-05-30 22:40:30,337 - INFO - --- 正在检查并创建表结构 ---
2026-05-30 22:40:30,436 - INFO - Adding job tentatively -- it will be properly scheduled when the scheduler starts
2026-05-30 22:40:30,436 - INFO - Added job "perform_db_backup" to job store "default"
2026-05-30 22:40:30,436 - INFO - Scheduler started
2026-05-30 22:40:30,437 - INFO - ⏰ Database auto-backup scheduler started (Daily at 02:00)
2026-05-30 22:46:08,482 - INFO - Scheduler has been shut down
2026-05-30 22:46:10,157 - INFO - --- 正在检查并创建表结构 ---
2026-05-30 22:46:10,391 - INFO - Adding job tentatively -- it will be properly scheduled when the scheduler starts
2026-05-30 22:46:10,391 - INFO - Added job "perform_db_backup" to job store "default"
2026-05-30 22:46:10,391 - INFO - Scheduler started
2026-05-30 22:46:10,391 - INFO - ⏰ Database auto-backup scheduler started (Daily at 02:00)
2026-05-30 22:47:40,816 - INFO - Scheduler has been shut down
2026-05-30 22:47:42,271 - INFO - --- 正在检查并创建表结构 ---
2026-05-30 22:47:42,405 - INFO - Adding job tentatively -- it will be properly scheduled when the scheduler starts
2026-05-30 22:47:42,405 - INFO - Added job "perform_db_backup" to job store "default"
2026-05-30 22:47:42,405 - INFO - Scheduler started
2026-05-30 22:47:42,405 - INFO - ⏰ Database auto-backup scheduler started (Daily at 02:00)
2026-05-31 19:32:46,038 - INFO - --- 正在检查并创建表结构 ---
2026-05-31 19:32:46,434 - INFO - Adding job tentatively -- it will be properly scheduled when the scheduler starts
2026-05-31 19:32:46,435 - INFO - Added job "perform_db_backup" to job store "default"
2026-05-31 19:32:46,435 - INFO - Scheduler started
2026-05-31 19:32:46,435 - INFO - ⏰ Database auto-backup scheduler started (Daily at 02:00)
2026-05-31 19:36:47,934 - INFO - Scheduler has been shut down
2026-05-31 19:36:50,379 - INFO - --- 正在检查并创建表结构 ---
2026-05-31 19:36:50,856 - INFO - Adding job tentatively -- it will be properly scheduled when the scheduler starts
2026-05-31 19:36:50,856 - INFO - Added job "perform_db_backup" to job store "default"
2026-05-31 19:36:50,856 - INFO - Scheduler started
2026-05-31 19:36:50,857 - INFO - ⏰ Database auto-backup scheduler started (Daily at 02:00)
2026-05-31 19:39:18,813 - ERROR - System Error: /api/v1/user/ - (psycopg2.errors.UniqueViolation) duplicate key value violates unique constraint "users_pkey"
DETAIL:  Key (id)=(1) already exists.

[SQL: INSERT INTO users (username, password_hash, role, is_active, is_deleted, first_name, middle_name, last_name, mobile, landline, email, ice_name, ice_phone, province, region_id, address, created_at) VALUES (%(username)s, %(password_hash)s, %(role)s, %(is_active)s, %(is_deleted)s, %(first_name)s, %(middle_name)s, %(last_name)s, %(mobile)s, %(landline)s, %(email)s, %(ice_name)s, %(ice_phone)s, %(province)s, %(region_id)s, %(address)s, %(created_at)s) RETURNING users.id]
[parameters: {'username': 'opera', 'password_hash': '$2b$12$ggy8ewtTDjgtQxhIXGfK8edQ6xHz5mpa1WAb0tp6IGzkysFBLgoLy', 'role': 2, 'is_active': True, 'is_deleted': False, 'first_name': 'test', 'middle_name': None, 'last_name': 'opera', 'mobile': '12323', 'landline': None, 'email': 'test@test.com', 'ice_name': None, 'ice_phone': None, 'province': 'Pangasinan', 'region_id': 3, 'address': 'Default HQ', 'created_at': datetime.datetime(2026, 5, 31, 19, 39, 18, 793462)}]
(Background on this error at: https://sqlalche.me/e/20/gkpj)
Traceback (most recent call last):
  File "/Users/michael/dev/shs/shs-back/.venv/lib/python3.12/site-packages/sqlalchemy/engine/base.py", line 1967, in _exec_single_context
    self.dialect.do_execute(
  File "/Users/michael/dev/shs/shs-back/.venv/lib/python3.12/site-packages/sqlalchemy/engine/default.py", line 952, in do_execute
    cursor.execute(statement, parameters)
psycopg2.errors.UniqueViolation: duplicate key value violates unique constraint "users_pkey"
DETAIL:  Key (id)=(1) already exists.


The above exception was the direct cause of the following exception:

Traceback (most recent call last):
  File "/Users/michael/dev/shs/shs-back/.venv/lib/python3.12/site-packages/starlette/middleware/errors.py", line 164, in __call__
    await self.app(scope, receive, _send)
  File "/Users/michael/dev/shs/shs-back/.venv/lib/python3.12/site-packages/starlette/middleware/base.py", line 191, in __call__
    with recv_stream, send_stream, collapse_excgroups():
                                   ^^^^^^^^^^^^^^^^^^^^
  File "/Library/Frameworks/Python.framework/Versions/3.12/lib/python3.12/contextlib.py", line 158, in __exit__
    self.gen.throw(value)
  File "/Users/michael/dev/shs/shs-back/.venv/lib/python3.12/site-packages/starlette/_utils.py", line 87, in collapse_excgroups
    raise exc
  File "/Users/michael/dev/shs/shs-back/.venv/lib/python3.12/site-packages/starlette/middleware/base.py", line 193, in __call__
    response = await self.dispatch_func(request, call_next)
               ^^^^^^^^^^^^^^^^^^^^^^^^^^^^^^^^^^^^^^^^^^^^
  File "/Users/michael/dev/shs/shs-back/app/main.py", line 122, in add_private_network_access_header
    response = await call_next(request)
               ^^^^^^^^^^^^^^^^^^^^^^^^
  File "/Users/michael/dev/shs/shs-back/.venv/lib/python3.12/site-packages/starlette/middleware/base.py", line 168, in call_next
    raise app_exc from app_exc.__cause__ or app_exc.__context__
  File "/Users/michael/dev/shs/shs-back/.venv/lib/python3.12/site-packages/starlette/middleware/base.py", line 144, in coro
    await self.app(scope, receive_or_disconnect, send_no_error)
  File "/Users/michael/dev/shs/shs-back/.venv/lib/python3.12/site-packages/starlette/middleware/cors.py", line 96, in __call__
    await self.simple_response(scope, receive, send, request_headers=headers)
  File "/Users/michael/dev/shs/shs-back/.venv/lib/python3.12/site-packages/starlette/middleware/cors.py", line 154, in simple_response
    await self.app(scope, receive, send)
  File "/Users/michael/dev/shs/shs-back/.venv/lib/python3.12/site-packages/starlette/middleware/exceptions.py", line 63, in __call__
    await wrap_app_handling_exceptions(self.app, conn)(scope, receive, send)
  File "/Users/michael/dev/shs/shs-back/.venv/lib/python3.12/site-packages/starlette/_exception_handler.py", line 53, in wrapped_app
    raise exc
  File "/Users/michael/dev/shs/shs-back/.venv/lib/python3.12/site-packages/starlette/_exception_handler.py", line 42, in wrapped_app
    await app(scope, receive, sender)
  File "/Users/michael/dev/shs/shs-back/.venv/lib/python3.12/site-packages/fastapi/middleware/asyncexitstack.py", line 18, in __call__
    await self.app(scope, receive, send)
  File "/Users/michael/dev/shs/shs-back/.venv/lib/python3.12/site-packages/starlette/routing.py", line 660, in __call__
    await self.middleware_stack(scope, receive, send)
  File "/Users/michael/dev/shs/shs-back/.venv/lib/python3.12/site-packages/starlette/routing.py", line 680, in app
    await route.handle(scope, receive, send)
  File "/Users/michael/dev/shs/shs-back/.venv/lib/python3.12/site-packages/starlette/routing.py", line 276, in handle
    await self.app(scope, receive, send)
  File "/Users/michael/dev/shs/shs-back/.venv/lib/python3.12/site-packages/fastapi/routing.py", line 134, in app
    await wrap_app_handling_exceptions(app, request)(scope, receive, send)
  File "/Users/michael/dev/shs/shs-back/.venv/lib/python3.12/site-packages/starlette/_exception_handler.py", line 53, in wrapped_app
    raise exc
  File "/Users/michael/dev/shs/shs-back/.venv/lib/python3.12/site-packages/starlette/_exception_handler.py", line 42, in wrapped_app
    await app(scope, receive, sender)
  File "/Users/michael/dev/shs/shs-back/.venv/lib/python3.12/site-packages/fastapi/routing.py", line 120, in app
    response = await f(request)
               ^^^^^^^^^^^^^^^^
  File "/Users/michael/dev/shs/shs-back/.venv/lib/python3.12/site-packages/fastapi/routing.py", line 674, in app
    raw_response = await run_endpoint_function(
                   ^^^^^^^^^^^^^^^^^^^^^^^^^^^^
  File "/Users/michael/dev/shs/shs-back/.venv/lib/python3.12/site-packages/fastapi/routing.py", line 330, in run_endpoint_function
    return await run_in_threadpool(dependant.call, **values)
           ^^^^^^^^^^^^^^^^^^^^^^^^^^^^^^^^^^^^^^^^^^^^^^^^^
  File "/Users/michael/dev/shs/shs-back/.venv/lib/python3.12/site-packages/starlette/concurrency.py", line 32, in run_in_threadpool
    return await anyio.to_thread.run_sync(func)
           ^^^^^^^^^^^^^^^^^^^^^^^^^^^^^^^^^^^^
  File "/Users/michael/dev/shs/shs-back/.venv/lib/python3.12/site-packages/anyio/to_thread.py", line 63, in run_sync
    return await get_async_backend().run_sync_in_worker_thread(
           ^^^^^^^^^^^^^^^^^^^^^^^^^^^^^^^^^^^^^^^^^^^^^^^^^^^^
  File "/Users/michael/dev/shs/shs-back/.venv/lib/python3.12/site-packages/anyio/_backends/_asyncio.py", line 2518, in run_sync_in_worker_thread
    return await future
           ^^^^^^^^^^^^
  File "/Users/michael/dev/shs/shs-back/.venv/lib/python3.12/site-packages/anyio/_backends/_asyncio.py", line 1002, in run
    result = context.run(func, *args)
             ^^^^^^^^^^^^^^^^^^^^^^^^
  File "/Users/michael/dev/shs/shs-back/app/api/v1/endpoints/users.py", line 94, in create_user
    db.commit()
  File "/Users/michael/dev/shs/shs-back/.venv/lib/python3.12/site-packages/sqlalchemy/orm/session.py", line 2030, in commit
    trans.commit(_to_root=True)
  File "<string>", line 2, in commit
  File "/Users/michael/dev/shs/shs-back/.venv/lib/python3.12/site-packages/sqlalchemy/orm/state_changes.py", line 137, in _go
    ret_value = fn(self, *arg, **kw)
                ^^^^^^^^^^^^^^^^^^^^
  File "/Users/michael/dev/shs/shs-back/.venv/lib/python3.12/site-packages/sqlalchemy/orm/session.py", line 1311, in commit
    self._prepare_impl()
  File "<string>", line 2, in _prepare_impl
  File "/Users/michael/dev/shs/shs-back/.venv/lib/python3.12/site-packages/sqlalchemy/orm/state_changes.py", line 137, in _go
    ret_value = fn(self, *arg, **kw)
                ^^^^^^^^^^^^^^^^^^^^
  File "/Users/michael/dev/shs/shs-back/.venv/lib/python3.12/site-packages/sqlalchemy/orm/session.py", line 1286, in _prepare_impl
    self.session.flush()
  File "/Users/michael/dev/shs/shs-back/.venv/lib/python3.12/site-packages/sqlalchemy/orm/session.py", line 4331, in flush
    self._flush(objects)
  File "/Users/michael/dev/shs/shs-back/.venv/lib/python3.12/site-packages/sqlalchemy/orm/session.py", line 4466, in _flush
    with util.safe_reraise():
         ^^^^^^^^^^^^^^^^^^^
  File "/Users/michael/dev/shs/shs-back/.venv/lib/python3.12/site-packages/sqlalchemy/util/langhelpers.py", line 121, in __exit__
    raise exc_value.with_traceback(exc_tb)
  File "/Users/michael/dev/shs/shs-back/.venv/lib/python3.12/site-packages/sqlalchemy/orm/session.py", line 4427, in _flush
    flush_context.execute()
  File "/Users/michael/dev/shs/shs-back/.venv/lib/python3.12/site-packages/sqlalchemy/orm/unitofwork.py", line 466, in execute
    rec.execute(self)
  File "/Users/michael/dev/shs/shs-back/.venv/lib/python3.12/site-packages/sqlalchemy/orm/unitofwork.py", line 642, in execute
    util.preloaded.orm_persistence.save_obj(
  File "/Users/michael/dev/shs/shs-back/.venv/lib/python3.12/site-packages/sqlalchemy/orm/persistence.py", line 93, in save_obj
    _emit_insert_statements(
  File "/Users/michael/dev/shs/shs-back/.venv/lib/python3.12/site-packages/sqlalchemy/orm/persistence.py", line 1233, in _emit_insert_statements
    result = connection.execute(
             ^^^^^^^^^^^^^^^^^^^
  File "/Users/michael/dev/shs/shs-back/.venv/lib/python3.12/site-packages/sqlalchemy/engine/base.py", line 1419, in execute
    return meth(
           ^^^^^
  File "/Users/michael/dev/shs/shs-back/.venv/lib/python3.12/site-packages/sqlalchemy/sql/elements.py", line 527, in _execute_on_connection
    return connection._execute_clauseelement(
           ^^^^^^^^^^^^^^^^^^^^^^^^^^^^^^^^^^
  File "/Users/michael/dev/shs/shs-back/.venv/lib/python3.12/site-packages/sqlalchemy/engine/base.py", line 1641, in _execute_clauseelement
    ret = self._execute_context(
          ^^^^^^^^^^^^^^^^^^^^^^
  File "/Users/michael/dev/shs/shs-back/.venv/lib/python3.12/site-packages/sqlalchemy/engine/base.py", line 1846, in _execute_context
    return self._exec_single_context(
           ^^^^^^^^^^^^^^^^^^^^^^^^^^
  File "/Users/michael/dev/shs/shs-back/.venv/lib/python3.12/site-packages/sqlalchemy/engine/base.py", line 1986, in _exec_single_context
    self._handle_dbapi_exception(
  File "/Users/michael/dev/shs/shs-back/.venv/lib/python3.12/site-packages/sqlalchemy/engine/base.py", line 2363, in _handle_dbapi_exception
    raise sqlalchemy_exception.with_traceback(exc_info[2]) from e
  File "/Users/michael/dev/shs/shs-back/.venv/lib/python3.12/site-packages/sqlalchemy/engine/base.py", line 1967, in _exec_single_context
    self.dialect.do_execute(
  File "/Users/michael/dev/shs/shs-back/.venv/lib/python3.12/site-packages/sqlalchemy/engine/default.py", line 952, in do_execute
    cursor.execute(statement, parameters)
sqlalchemy.exc.IntegrityError: (psycopg2.errors.UniqueViolation) duplicate key value violates unique constraint "users_pkey"
DETAIL:  Key (id)=(1) already exists.

[SQL: INSERT INTO users (username, password_hash, role, is_active, is_deleted, first_name, middle_name, last_name, mobile, landline, email, ice_name, ice_phone, province, region_id, address, created_at) VALUES (%(username)s, %(password_hash)s, %(role)s, %(is_active)s, %(is_deleted)s, %(first_name)s, %(middle_name)s, %(last_name)s, %(mobile)s, %(landline)s, %(email)s, %(ice_name)s, %(ice_phone)s, %(province)s, %(region_id)s, %(address)s, %(created_at)s) RETURNING users.id]
[parameters: {'username': 'opera', 'password_hash': '$2b$12$ggy8ewtTDjgtQxhIXGfK8edQ6xHz5mpa1WAb0tp6IGzkysFBLgoLy', 'role': 2, 'is_active': True, 'is_deleted': False, 'first_name': 'test', 'middle_name': None, 'last_name': 'opera', 'mobile': '12323', 'landline': None, 'email': 'test@test.com', 'ice_name': None, 'ice_phone': None, 'province': 'Pangasinan', 'region_id': 3, 'address': 'Default HQ', 'created_at': datetime.datetime(2026, 5, 31, 19, 39, 18, 793462)}]
(Background on this error at: https://sqlalche.me/e/20/gkpj)
2026-05-31 19:40:00,562 - INFO - Scheduler has been shut down
2026-05-31 19:40:01,981 - INFO - --- 正在检查并创建表结构 ---
2026-05-31 19:40:02,177 - INFO - Adding job tentatively -- it will be properly scheduled when the scheduler starts
2026-05-31 19:40:02,178 - INFO - Added job "perform_db_backup" to job store "default"
2026-05-31 19:40:02,178 - INFO - Scheduler started
2026-05-31 19:40:02,178 - INFO - ⏰ Database auto-backup scheduler started (Daily at 02:00)
2026-05-31 19:41:31,295 - INFO - Scheduler has been shut down
2026-05-31 19:41:32,810 - INFO - --- 正在检查并创建表结构 ---
2026-05-31 19:41:32,968 - INFO - --- 正在自动校准数据库发号器 ---
2026-05-31 19:41:32,968 - WARNING - ⚠️ 发号器校准跳过 (通常发生在表还未完全建立时): name 'text' is not defined
2026-05-31 19:41:32,994 - INFO - Adding job tentatively -- it will be properly scheduled when the scheduler starts
2026-05-31 19:41:32,994 - INFO - Added job "perform_db_backup" to job store "default"
2026-05-31 19:41:32,994 - INFO - Scheduler started
2026-05-31 19:41:32,994 - INFO - ⏰ Database auto-backup scheduler started (Daily at 02:00)
2026-05-31 19:41:40,083 - INFO - Scheduler has been shut down
2026-05-31 19:41:41,310 - INFO - --- 正在检查并创建表结构 ---
2026-05-31 19:41:41,409 - INFO - --- 正在自动校准数据库发号器 ---
2026-05-31 19:41:41,481 - INFO - ✅ 数据库发号器校准完成
2026-05-31 19:41:41,500 - INFO - Adding job tentatively -- it will be properly scheduled when the scheduler starts
2026-05-31 19:41:41,500 - INFO - Added job "perform_db_backup" to job store "default"
2026-05-31 19:41:41,500 - INFO - Scheduler started
2026-05-31 19:41:41,500 - INFO - ⏰ Database auto-backup scheduler started (Daily at 02:00)
2026-05-31 19:45:09,906 - INFO - Scheduler has been shut down
2026-05-31 19:45:11,380 - INFO - --- 正在检查并创建表结构 ---
2026-05-31 19:45:11,580 - INFO - --- 正在自动校准数据库发号器 ---
2026-05-31 19:45:11,599 - INFO - ✅ 数据库发号器校准完成
2026-05-31 19:45:11,619 - INFO - Adding job tentatively -- it will be properly scheduled when the scheduler starts
2026-05-31 19:45:11,620 - INFO - Added job "perform_db_backup" to job store "default"
2026-05-31 19:45:11,620 - INFO - Scheduler started
2026-05-31 19:45:11,620 - INFO - ⏰ Database auto-backup scheduler started (Daily at 02:00)
2026-05-31 19:46:03,548 - INFO - Scheduler has been shut down
2026-05-31 19:46:15,184 - INFO - --- 正在检查并创建表结构 ---
2026-05-31 19:46:15,296 - INFO - --- 正在自动校准数据库发号器 ---
2026-05-31 19:46:15,313 - INFO - ✅ 数据库发号器校准完成
2026-05-31 19:46:15,329 - INFO - Adding job tentatively -- it will be properly scheduled when the scheduler starts
2026-05-31 19:46:15,330 - INFO - Added job "perform_db_backup" to job store "default"
2026-05-31 19:46:15,330 - INFO - Scheduler started
2026-05-31 19:46:15,330 - INFO - ⏰ Database auto-backup scheduler started (Daily at 02:00)
2026-05-31 19:50:33,799 - INFO - Scheduler has been shut down
2026-05-31 19:50:34,982 - INFO - --- 正在检查并创建表结构 ---
2026-05-31 19:50:35,067 - INFO - --- 正在自动校准数据库发号器 ---
2026-05-31 19:50:35,079 - INFO - ✅ 数据库发号器校准完成
2026-05-31 19:50:35,095 - INFO - Adding job tentatively -- it will be properly scheduled when the scheduler starts
2026-05-31 19:50:35,095 - INFO - Added job "perform_db_backup" to job store "default"
2026-05-31 19:50:35,095 - INFO - Scheduler started
2026-05-31 19:50:35,096 - INFO - ⏰ Database auto-backup scheduler started (Daily at 02:00)
2026-05-31 19:50:45,008 - INFO - Scheduler has been shut down
2026-05-31 19:50:46,031 - INFO - --- 正在检查并创建表结构 ---
2026-05-31 19:50:46,105 - INFO - --- 正在自动校准数据库发号器 ---
2026-05-31 19:50:46,123 - INFO - ✅ 数据库发号器校准完成
2026-05-31 19:50:46,137 - INFO - Adding job tentatively -- it will be properly scheduled when the scheduler starts
2026-05-31 19:50:46,138 - INFO - Added job "perform_db_backup" to job store "default"
2026-05-31 19:50:46,138 - INFO - Scheduler started
2026-05-31 19:50:46,138 - INFO - ⏰ Database auto-backup scheduler started (Daily at 02:00)
2026-05-31 20:02:30,585 - INFO - Scheduler has been shut down
2026-05-31 20:02:31,904 - INFO - --- 正在检查并创建表结构 ---
2026-05-31 20:02:32,022 - INFO - --- 正在自动校准数据库发号器 ---
2026-05-31 20:02:32,040 - INFO - ✅ 数据库发号器校准完成
2026-05-31 20:02:32,056 - INFO - Adding job tentatively -- it will be properly scheduled when the scheduler starts
2026-05-31 20:02:32,057 - INFO - Added job "perform_db_backup" to job store "default"
2026-05-31 20:02:32,057 - INFO - Scheduler started
2026-05-31 20:02:32,057 - INFO - ⏰ Database auto-backup scheduler started (Daily at 02:00)
2026-05-31 20:10:36,114 - INFO - Scheduler has been shut down
2026-05-31 20:13:58,238 - INFO - --- 正在检查并创建表结构 ---
2026-05-31 20:13:58,316 - INFO - --- 正在自动校准数据库发号器 ---
2026-05-31 20:13:58,341 - INFO - ✅ 数据库发号器校准完成
2026-05-31 20:13:58,355 - INFO - Adding job tentatively -- it will be properly scheduled when the scheduler starts
2026-05-31 20:13:58,355 - INFO - Added job "perform_db_backup" to job store "default"
2026-05-31 20:13:58,355 - INFO - Scheduler started
2026-05-31 20:13:58,355 - INFO - ⏰ Database auto-backup scheduler started (Daily at 02:00)
2026-05-31 20:33:42,734 - WARNING - ⚠️ Business Error at /api/v1/pos-terminal/login: 400 - Incorrect username or password
2026-05-31 20:33:52,647 - WARNING - ⚠️ Business Error at /api/v1/pos-terminal/login: 403 - Login failed: This device is not assigned to your account.
2026-05-31 20:35:13,338 - INFO - Scheduler has been shut down
2026-05-31 20:35:18,712 - INFO - --- 正在检查并创建表结构 ---
2026-05-31 20:35:19,342 - INFO - --- 正在自动校准数据库发号器 ---
2026-05-31 20:35:19,449 - INFO - ✅ 数据库发号器校准完成
2026-05-31 20:35:19,507 - INFO - Adding job tentatively -- it will be properly scheduled when the scheduler starts
2026-05-31 20:35:19,508 - INFO - Added job "perform_db_backup" to job store "default"
2026-05-31 20:35:19,508 - INFO - Scheduler started
2026-05-31 20:35:19,513 - INFO - ⏰ Database auto-backup scheduler started (Daily at 02:00)
2026-05-31 20:37:09,994 - INFO - Scheduler has been shut down
2026-05-31 20:37:12,172 - INFO - --- 正在检查并创建表结构 ---
2026-05-31 20:37:12,546 - INFO - --- 正在自动校准数据库发号器 ---
2026-05-31 20:37:12,584 - INFO - ✅ 数据库发号器校准完成
2026-05-31 20:37:12,612 - INFO - Adding job tentatively -- it will be properly scheduled when the scheduler starts
2026-05-31 20:37:12,613 - INFO - Added job "perform_db_backup" to job store "default"
2026-05-31 20:37:12,613 - INFO - Scheduler started
2026-05-31 20:37:12,613 - INFO - ⏰ Database auto-backup scheduler started (Daily at 02:00)
2026-05-31 20:49:23,749 - ERROR - System Error: /api/v1/pos-sync/bootstrap - 11 validation errors:
  {'type': 'missing', 'loc': ('response', 'customers', 0, 'created_at'), 'msg': 'Field required', 'input': {'id': 483, 'uuid': '30188197', 'first_name': 'Noriel M.', 'last_name': 'Natano', 'card_uuid': '235E3FAE', 'shs_machine_id': '56349', 'status': 1, 'total_recharged_days': 0.0, 'expiry_time': datetime.datetime(2026, 7, 6, 8, 21, 4), 'region_name': 'Del Gallego', 'updated_at': datetime.datetime(2026, 5, 31, 12, 11, 47, 491774)}}
  {'type': 'missing', 'loc': ('response', 'customers', 1, 'created_at'), 'msg': 'Field required', 'input': {'id': 484, 'uuid': '30188248', 'first_name': 'Deniel M.', 'last_name': 'Natano', 'card_uuid': 'C31D57AE', 'shs_machine_id': '56354', 'status': 1, 'total_recharged_days': 0.0, 'expiry_time': datetime.datetime(2026, 7, 8, 8, 50, 23), 'region_name': 'Del Gallego', 'updated_at': datetime.datetime(2026, 5, 31, 12, 11, 47, 491774)}}
  {'type': 'missing', 'loc': ('response', 'customers', 2, 'created_at'), 'msg': 'Field required', 'input': {'id': 485, 'uuid': '30188249', 'first_name': 'Elmer A.', 'last_name': 'Pabericio', 'card_uuid': '13A965AE', 'shs_machine_id': '56359', 'status': 1, 'total_recharged_days': 0.0, 'expiry_time': datetime.datetime(2026, 7, 6, 9, 25, 21), 'region_name': 'Del Gallego', 'updated_at': datetime.datetime(2026, 5, 31, 12, 11, 47, 491774)}}
  {'type': 'missing', 'loc': ('response', 'customers', 3, 'created_at'), 'msg': 'Field required', 'input': {'id': 486, 'uuid': '30188250', 'first_name': 'Tarcila D.', 'last_name': 'Collantes', 'card_uuid': '333E43AE', 'shs_machine_id': '56364', 'status': 1, 'total_recharged_days': 0.0, 'expiry_time': datetime.datetime(2026, 8, 7, 9, 55, 23), 'region_name': 'Del Gallego', 'updated_at': datetime.datetime(2026, 5, 31, 12, 11, 47, 491774)}}
  {'type': 'missing', 'loc': ('response', 'customers', 4, 'created_at'), 'msg': 'Field required', 'input': {'id': 487, 'uuid': '30188251', 'first_name': 'Joshua M.', 'last_name': 'Natano', 'card_uuid': 'D31573AE', 'shs_machine_id': '56369', 'status': 1, 'total_recharged_days': 0.0, 'expiry_time': datetime.datetime(2026, 7, 3, 10, 2, 39), 'region_name': 'Del Gallego', 'updated_at': datetime.datetime(2026, 5, 31, 12, 11, 47, 491774)}}
  {'type': 'missing', 'loc': ('response', 'customers', 5, 'created_at'), 'msg': 'Field required', 'input': {'id': 488, 'uuid': '30188252', 'first_name': 'Arlo S.', 'last_name': 'Rafa', 'card_uuid': '23D74BAE', 'shs_machine_id': '56374', 'status': 1, 'total_recharged_days': 0.0, 'expiry_time': datetime.datetime(2026, 6, 21, 10, 21, 25), 'region_name': 'Del Gallego', 'updated_at': datetime.datetime(2026, 5, 31, 12, 11, 47, 491774)}}
  {'type': 'missing', 'loc': ('response', 'customers', 6, 'created_at'), 'msg': 'Field required', 'input': {'id': 489, 'uuid': '30188258', 'first_name': 'Vito B.', 'last_name': 'Rafa', 'card_uuid': '531B74AE', 'shs_machine_id': '56379', 'status': 1, 'total_recharged_days': 0.0, 'expiry_time': datetime.datetime(2026, 8, 5, 10, 16, 49), 'region_name': 'Del Gallego', 'updated_at': datetime.datetime(2026, 5, 31, 12, 11, 47, 491774)}}
  {'type': 'missing', 'loc': ('response', 'customers', 7, 'created_at'), 'msg': 'Field required', 'input': {'id': 490, 'uuid': '30188260', 'first_name': 'Cecilie V.', 'last_name': 'Dela Pena', 'card_uuid': '03E437AE', 'shs_machine_id': '56384', 'status': 1, 'total_recharged_days': 0.0, 'expiry_time': datetime.datetime(2026, 7, 8, 10, 30, 43), 'region_name': 'Del Gallego', 'updated_at': datetime.datetime(2026, 5, 31, 12, 11, 47, 491774)}}
  {'type': 'missing', 'loc': ('response', 'customers', 8, 'created_at'), 'msg': 'Field required', 'input': {'id': 491, 'uuid': '30188261', 'first_name': 'Carlos', 'last_name': 'Ortega', 'card_uuid': '43813FAE', 'shs_machine_id': '56389', 'status': 1, 'total_recharged_days': 0.0, 'expiry_time': datetime.datetime(2026, 11, 4, 10, 42, 32), 'region_name': 'Del Gallego', 'updated_at': datetime.datetime(2026, 5, 31, 12, 11, 47, 491774)}}
  {'type': 'missing', 'loc': ('response', 'customers', 9, 'created_at'), 'msg': 'Field required', 'input': {'id': 492, 'uuid': '30188262', 'first_name': 'Asisclon M.', 'last_name': 'Natano', 'card_uuid': '933F5BAE', 'shs_machine_id': '56394', 'status': 1, 'total_recharged_days': 0.0, 'expiry_time': datetime.datetime(2026, 7, 8, 10, 42, 52), 'region_name': 'Del Gallego', 'updated_at': datetime.datetime(2026, 5, 31, 12, 11, 47, 491774)}}
  {'type': 'missing', 'loc': ('response', 'customers', 10, 'created_at'), 'msg': 'Field required', 'input': {'id': 493, 'uuid': '30188266', 'first_name': 'Rosalinda D.', 'last_name': 'Cambe', 'card_uuid': '133831AE', 'shs_machine_id': '56399', 'status': 1, 'total_recharged_days': 0.0, 'expiry_time': datetime.datetime(2026, 6, 8, 10, 49, 59), 'region_name': 'Del Gallego', 'updated_at': datetime.datetime(2026, 5, 31, 12, 11, 47, 491774)}}

  File "/Users/michael/dev/shs/shs-back/app/api/v1/endpoints/pos_sync.py", line 139, in pos_bootstrap_sync
    GET /api/v1/pos-sync/bootstrap
Traceback (most recent call last):
  File "/Users/michael/dev/shs/shs-back/.venv/lib/python3.12/site-packages/starlette/middleware/errors.py", line 164, in __call__
    await self.app(scope, receive, _send)
  File "/Users/michael/dev/shs/shs-back/.venv/lib/python3.12/site-packages/starlette/middleware/base.py", line 191, in __call__
    with recv_stream, send_stream, collapse_excgroups():
                                   ^^^^^^^^^^^^^^^^^^^^
  File "/Library/Frameworks/Python.framework/Versions/3.12/lib/python3.12/contextlib.py", line 158, in __exit__
    self.gen.throw(value)
  File "/Users/michael/dev/shs/shs-back/.venv/lib/python3.12/site-packages/starlette/_utils.py", line 87, in collapse_excgroups
    raise exc
  File "/Users/michael/dev/shs/shs-back/.venv/lib/python3.12/site-packages/starlette/middleware/base.py", line 193, in __call__
    response = await self.dispatch_func(request, call_next)
               ^^^^^^^^^^^^^^^^^^^^^^^^^^^^^^^^^^^^^^^^^^^^
  File "/Users/michael/dev/shs/shs-back/app/main.py", line 138, in add_private_network_access_header
    response = await call_next(request)
               ^^^^^^^^^^^^^^^^^^^^^^^^
  File "/Users/michael/dev/shs/shs-back/.venv/lib/python3.12/site-packages/starlette/middleware/base.py", line 168, in call_next
    raise app_exc from app_exc.__cause__ or app_exc.__context__
  File "/Users/michael/dev/shs/shs-back/.venv/lib/python3.12/site-packages/starlette/middleware/base.py", line 144, in coro
    await self.app(scope, receive_or_disconnect, send_no_error)
  File "/Users/michael/dev/shs/shs-back/.venv/lib/python3.12/site-packages/starlette/middleware/cors.py", line 88, in __call__
    await self.app(scope, receive, send)
  File "/Users/michael/dev/shs/shs-back/.venv/lib/python3.12/site-packages/starlette/middleware/exceptions.py", line 63, in __call__
    await wrap_app_handling_exceptions(self.app, conn)(scope, receive, send)
  File "/Users/michael/dev/shs/shs-back/.venv/lib/python3.12/site-packages/starlette/_exception_handler.py", line 53, in wrapped_app
    raise exc
  File "/Users/michael/dev/shs/shs-back/.venv/lib/python3.12/site-packages/starlette/_exception_handler.py", line 42, in wrapped_app
    await app(scope, receive, sender)
  File "/Users/michael/dev/shs/shs-back/.venv/lib/python3.12/site-packages/fastapi/middleware/asyncexitstack.py", line 18, in __call__
    await self.app(scope, receive, send)
  File "/Users/michael/dev/shs/shs-back/.venv/lib/python3.12/site-packages/starlette/routing.py", line 660, in __call__
    await self.middleware_stack(scope, receive, send)
  File "/Users/michael/dev/shs/shs-back/.venv/lib/python3.12/site-packages/starlette/routing.py", line 680, in app
    await route.handle(scope, receive, send)
  File "/Users/michael/dev/shs/shs-back/.venv/lib/python3.12/site-packages/starlette/routing.py", line 276, in handle
    await self.app(scope, receive, send)
  File "/Users/michael/dev/shs/shs-back/.venv/lib/python3.12/site-packages/fastapi/routing.py", line 134, in app
    await wrap_app_handling_exceptions(app, request)(scope, receive, send)
  File "/Users/michael/dev/shs/shs-back/.venv/lib/python3.12/site-packages/starlette/_exception_handler.py", line 53, in wrapped_app
    raise exc
  File "/Users/michael/dev/shs/shs-back/.venv/lib/python3.12/site-packages/starlette/_exception_handler.py", line 42, in wrapped_app
    await app(scope, receive, sender)
  File "/Users/michael/dev/shs/shs-back/.venv/lib/python3.12/site-packages/fastapi/routing.py", line 120, in app
    response = await f(request)
               ^^^^^^^^^^^^^^^^
  File "/Users/michael/dev/shs/shs-back/.venv/lib/python3.12/site-packages/fastapi/routing.py", line 695, in app
    content = await serialize_response(
              ^^^^^^^^^^^^^^^^^^^^^^^^^
  File "/Users/michael/dev/shs/shs-back/.venv/lib/python3.12/site-packages/fastapi/routing.py", line 300, in serialize_response
    raise ResponseValidationError(
fastapi.exceptions.ResponseValidationError: 11 validation errors:
  {'type': 'missing', 'loc': ('response', 'customers', 0, 'created_at'), 'msg': 'Field required', 'input': {'id': 483, 'uuid': '30188197', 'first_name': 'Noriel M.', 'last_name': 'Natano', 'card_uuid': '235E3FAE', 'shs_machine_id': '56349', 'status': 1, 'total_recharged_days': 0.0, 'expiry_time': datetime.datetime(2026, 7, 6, 8, 21, 4), 'region_name': 'Del Gallego', 'updated_at': datetime.datetime(2026, 5, 31, 12, 11, 47, 491774)}}
  {'type': 'missing', 'loc': ('response', 'customers', 1, 'created_at'), 'msg': 'Field required', 'input': {'id': 484, 'uuid': '30188248', 'first_name': 'Deniel M.', 'last_name': 'Natano', 'card_uuid': 'C31D57AE', 'shs_machine_id': '56354', 'status': 1, 'total_recharged_days': 0.0, 'expiry_time': datetime.datetime(2026, 7, 8, 8, 50, 23), 'region_name': 'Del Gallego', 'updated_at': datetime.datetime(2026, 5, 31, 12, 11, 47, 491774)}}
  {'type': 'missing', 'loc': ('response', 'customers', 2, 'created_at'), 'msg': 'Field required', 'input': {'id': 485, 'uuid': '30188249', 'first_name': 'Elmer A.', 'last_name': 'Pabericio', 'card_uuid': '13A965AE', 'shs_machine_id': '56359', 'status': 1, 'total_recharged_days': 0.0, 'expiry_time': datetime.datetime(2026, 7, 6, 9, 25, 21), 'region_name': 'Del Gallego', 'updated_at': datetime.datetime(2026, 5, 31, 12, 11, 47, 491774)}}
  {'type': 'missing', 'loc': ('response', 'customers', 3, 'created_at'), 'msg': 'Field required', 'input': {'id': 486, 'uuid': '30188250', 'first_name': 'Tarcila D.', 'last_name': 'Collantes', 'card_uuid': '333E43AE', 'shs_machine_id': '56364', 'status': 1, 'total_recharged_days': 0.0, 'expiry_time': datetime.datetime(2026, 8, 7, 9, 55, 23), 'region_name': 'Del Gallego', 'updated_at': datetime.datetime(2026, 5, 31, 12, 11, 47, 491774)}}
  {'type': 'missing', 'loc': ('response', 'customers', 4, 'created_at'), 'msg': 'Field required', 'input': {'id': 487, 'uuid': '30188251', 'first_name': 'Joshua M.', 'last_name': 'Natano', 'card_uuid': 'D31573AE', 'shs_machine_id': '56369', 'status': 1, 'total_recharged_days': 0.0, 'expiry_time': datetime.datetime(2026, 7, 3, 10, 2, 39), 'region_name': 'Del Gallego', 'updated_at': datetime.datetime(2026, 5, 31, 12, 11, 47, 491774)}}
  {'type': 'missing', 'loc': ('response', 'customers', 5, 'created_at'), 'msg': 'Field required', 'input': {'id': 488, 'uuid': '30188252', 'first_name': 'Arlo S.', 'last_name': 'Rafa', 'card_uuid': '23D74BAE', 'shs_machine_id': '56374', 'status': 1, 'total_recharged_days': 0.0, 'expiry_time': datetime.datetime(2026, 6, 21, 10, 21, 25), 'region_name': 'Del Gallego', 'updated_at': datetime.datetime(2026, 5, 31, 12, 11, 47, 491774)}}
  {'type': 'missing', 'loc': ('response', 'customers', 6, 'created_at'), 'msg': 'Field required', 'input': {'id': 489, 'uuid': '30188258', 'first_name': 'Vito B.', 'last_name': 'Rafa', 'card_uuid': '531B74AE', 'shs_machine_id': '56379', 'status': 1, 'total_recharged_days': 0.0, 'expiry_time': datetime.datetime(2026, 8, 5, 10, 16, 49), 'region_name': 'Del Gallego', 'updated_at': datetime.datetime(2026, 5, 31, 12, 11, 47, 491774)}}
  {'type': 'missing', 'loc': ('response', 'customers', 7, 'created_at'), 'msg': 'Field required', 'input': {'id': 490, 'uuid': '30188260', 'first_name': 'Cecilie V.', 'last_name': 'Dela Pena', 'card_uuid': '03E437AE', 'shs_machine_id': '56384', 'status': 1, 'total_recharged_days': 0.0, 'expiry_time': datetime.datetime(2026, 7, 8, 10, 30, 43), 'region_name': 'Del Gallego', 'updated_at': datetime.datetime(2026, 5, 31, 12, 11, 47, 491774)}}
  {'type': 'missing', 'loc': ('response', 'customers', 8, 'created_at'), 'msg': 'Field required', 'input': {'id': 491, 'uuid': '30188261', 'first_name': 'Carlos', 'last_name': 'Ortega', 'card_uuid': '43813FAE', 'shs_machine_id': '56389', 'status': 1, 'total_recharged_days': 0.0, 'expiry_time': datetime.datetime(2026, 11, 4, 10, 42, 32), 'region_name': 'Del Gallego', 'updated_at': datetime.datetime(2026, 5, 31, 12, 11, 47, 491774)}}
  {'type': 'missing', 'loc': ('response', 'customers', 9, 'created_at'), 'msg': 'Field required', 'input': {'id': 492, 'uuid': '30188262', 'first_name': 'Asisclon M.', 'last_name': 'Natano', 'card_uuid': '933F5BAE', 'shs_machine_id': '56394', 'status': 1, 'total_recharged_days': 0.0, 'expiry_time': datetime.datetime(2026, 7, 8, 10, 42, 52), 'region_name': 'Del Gallego', 'updated_at': datetime.datetime(2026, 5, 31, 12, 11, 47, 491774)}}
  {'type': 'missing', 'loc': ('response', 'customers', 10, 'created_at'), 'msg': 'Field required', 'input': {'id': 493, 'uuid': '30188266', 'first_name': 'Rosalinda D.', 'last_name': 'Cambe', 'card_uuid': '133831AE', 'shs_machine_id': '56399', 'status': 1, 'total_recharged_days': 0.0, 'expiry_time': datetime.datetime(2026, 6, 8, 10, 49, 59), 'region_name': 'Del Gallego', 'updated_at': datetime.datetime(2026, 5, 31, 12, 11, 47, 491774)}}

  File "/Users/michael/dev/shs/shs-back/app/api/v1/endpoints/pos_sync.py", line 139, in pos_bootstrap_sync
    GET /api/v1/pos-sync/bootstrap
2026-05-31 20:52:58,947 - INFO - Scheduler has been shut down
2026-05-31 20:53:00,346 - INFO - --- 正在检查并创建表结构 ---
2026-05-31 20:53:00,616 - INFO - --- 正在自动校准数据库发号器 ---
2026-05-31 20:53:00,652 - INFO - ✅ 数据库发号器校准完成
2026-05-31 20:53:00,667 - INFO - Adding job tentatively -- it will be properly scheduled when the scheduler starts
2026-05-31 20:53:00,667 - INFO - Added job "perform_db_backup" to job store "default"
2026-05-31 20:53:00,667 - INFO - Scheduler started
2026-05-31 20:53:00,668 - INFO - ⏰ Database auto-backup scheduler started (Daily at 02:00)
2026-05-31 21:20:24,093 - INFO - Scheduler has been shut down
2026-05-31 21:20:27,359 - INFO - --- 正在检查并创建表结构 ---
2026-05-31 21:20:27,771 - INFO - --- 正在自动校准数据库发号器 ---
2026-05-31 21:20:27,851 - INFO - ✅ 数据库发号器校准完成
2026-05-31 21:20:27,877 - INFO - Adding job tentatively -- it will be properly scheduled when the scheduler starts
2026-05-31 21:20:27,878 - INFO - Added job "perform_db_backup" to job store "default"
2026-05-31 21:20:27,878 - INFO - Scheduler started
2026-05-31 21:20:27,878 - INFO - ⏰ Database auto-backup scheduler started (Daily at 02:00)
2026-05-31 21:21:00,517 - INFO - Scheduler has been shut down
2026-05-31 21:21:37,928 - INFO - --- 正在检查并创建表结构 ---
2026-05-31 21:21:38,015 - INFO - --- 正在自动校准数据库发号器 ---
2026-05-31 21:21:38,033 - INFO - ✅ 数据库发号器校准完成
2026-05-31 21:21:38,047 - INFO - Adding job tentatively -- it will be properly scheduled when the scheduler starts
2026-05-31 21:21:38,048 - INFO - Added job "perform_db_backup" to job store "default"
2026-05-31 21:21:38,048 - INFO - Scheduler started
2026-05-31 21:21:38,048 - INFO - ⏰ Database auto-backup scheduler started (Daily at 02:00)
2026-05-31 21:23:47,830 - INFO - Scheduler has been shut down
2026-05-31 21:23:50,209 - INFO - --- 正在检查并创建表结构 ---
2026-05-31 21:23:50,634 - INFO - --- 正在自动校准数据库发号器 ---
2026-05-31 21:23:50,690 - INFO - ✅ 数据库发号器校准完成
2026-05-31 21:23:50,719 - INFO - Adding job tentatively -- it will be properly scheduled when the scheduler starts
2026-05-31 21:23:50,719 - INFO - Added job "perform_db_backup" to job store "default"
2026-05-31 21:23:50,719 - INFO - Scheduler started
2026-05-31 21:23:50,720 - INFO - ⏰ Database auto-backup scheduler started (Daily at 02:00)
2026-05-31 21:25:20,447 - INFO - Scheduler has been shut down
2026-05-31 21:25:37,883 - INFO - --- 正在检查并创建表结构 ---
2026-05-31 21:25:37,982 - INFO - --- 正在自动校准数据库发号器 ---
2026-05-31 21:25:38,020 - INFO - ✅ 数据库发号器校准完成
2026-05-31 21:25:38,050 - INFO - Adding job tentatively -- it will be properly scheduled when the scheduler starts
2026-05-31 21:25:38,051 - INFO - Added job "perform_db_backup" to job store "default"
2026-05-31 21:25:38,051 - INFO - Scheduler started
2026-05-31 21:25:38,051 - INFO - ⏰ Database auto-backup scheduler started (Daily at 02:00)
2026-05-31 21:25:52,385 - ERROR - System Error: /api/v1/card/ - 20 validation errors:
  {'type': 'string_type', 'loc': ('response', 'items', 0, 'card_number'), 'msg': 'Input should be a valid string', 'input': None}
  {'type': 'string_type', 'loc': ('response', 'items', 1, 'card_number'), 'msg': 'Input should be a valid string', 'input': None}
  {'type': 'string_type', 'loc': ('response', 'items', 2, 'card_number'), 'msg': 'Input should be a valid string', 'input': None}
  {'type': 'string_type', 'loc': ('response', 'items', 3, 'card_number'), 'msg': 'Input should be a valid string', 'input': None}
  {'type': 'string_type', 'loc': ('response', 'items', 4, 'card_number'), 'msg': 'Input should be a valid string', 'input': None}
  {'type': 'string_type', 'loc': ('response', 'items', 5, 'card_number'), 'msg': 'Input should be a valid string', 'input': None}
  {'type': 'string_type', 'loc': ('response', 'items', 6, 'card_number'), 'msg': 'Input should be a valid string', 'input': None}
  {'type': 'string_type', 'loc': ('response', 'items', 7, 'card_number'), 'msg': 'Input should be a valid string', 'input': None}
  {'type': 'string_type', 'loc': ('response', 'items', 8, 'card_number'), 'msg': 'Input should be a valid string', 'input': None}
  {'type': 'string_type', 'loc': ('response', 'items', 9, 'card_number'), 'msg': 'Input should be a valid string', 'input': None}
  {'type': 'string_type', 'loc': ('response', 'items', 10, 'card_number'), 'msg': 'Input should be a valid string', 'input': None}
  {'type': 'string_type', 'loc': ('response', 'items', 11, 'card_number'), 'msg': 'Input should be a valid string', 'input': None}
  {'type': 'string_type', 'loc': ('response', 'items', 12, 'card_number'), 'msg': 'Input should be a valid string', 'input': None}
  {'type': 'string_type', 'loc': ('response', 'items', 13, 'card_number'), 'msg': 'Input should be a valid string', 'input': None}
  {'type': 'string_type', 'loc': ('response', 'items', 14, 'card_number'), 'msg': 'Input should be a valid string', 'input': None}
  {'type': 'string_type', 'loc': ('response', 'items', 15, 'card_number'), 'msg': 'Input should be a valid string', 'input': None}
  {'type': 'string_type', 'loc': ('response', 'items', 16, 'card_number'), 'msg': 'Input should be a valid string', 'input': None}
  {'type': 'string_type', 'loc': ('response', 'items', 17, 'card_number'), 'msg': 'Input should be a valid string', 'input': None}
  {'type': 'string_type', 'loc': ('response', 'items', 18, 'card_number'), 'msg': 'Input should be a valid string', 'input': None}
  {'type': 'string_type', 'loc': ('response', 'items', 19, 'card_number'), 'msg': 'Input should be a valid string', 'input': None}

  File "/Users/michael/dev/shs/shs-back/app/api/v1/endpoints/card.py", line 19, in get_cards
    GET /api/v1/card/
Traceback (most recent call last):
  File "/Users/michael/dev/shs/shs-back/.venv/lib/python3.12/site-packages/starlette/middleware/errors.py", line 164, in __call__
    await self.app(scope, receive, _send)
  File "/Users/michael/dev/shs/shs-back/.venv/lib/python3.12/site-packages/starlette/middleware/base.py", line 191, in __call__
    with recv_stream, send_stream, collapse_excgroups():
                                   ^^^^^^^^^^^^^^^^^^^^
  File "/Library/Frameworks/Python.framework/Versions/3.12/lib/python3.12/contextlib.py", line 158, in __exit__
    self.gen.throw(value)
  File "/Users/michael/dev/shs/shs-back/.venv/lib/python3.12/site-packages/starlette/_utils.py", line 87, in collapse_excgroups
    raise exc
  File "/Users/michael/dev/shs/shs-back/.venv/lib/python3.12/site-packages/starlette/middleware/base.py", line 193, in __call__
    response = await self.dispatch_func(request, call_next)
               ^^^^^^^^^^^^^^^^^^^^^^^^^^^^^^^^^^^^^^^^^^^^
  File "/Users/michael/dev/shs/shs-back/app/main.py", line 138, in add_private_network_access_header
    response = await call_next(request)
               ^^^^^^^^^^^^^^^^^^^^^^^^
  File "/Users/michael/dev/shs/shs-back/.venv/lib/python3.12/site-packages/starlette/middleware/base.py", line 168, in call_next
    raise app_exc from app_exc.__cause__ or app_exc.__context__
  File "/Users/michael/dev/shs/shs-back/.venv/lib/python3.12/site-packages/starlette/middleware/base.py", line 144, in coro
    await self.app(scope, receive_or_disconnect, send_no_error)
  File "/Users/michael/dev/shs/shs-back/.venv/lib/python3.12/site-packages/starlette/middleware/cors.py", line 96, in __call__
    await self.simple_response(scope, receive, send, request_headers=headers)
  File "/Users/michael/dev/shs/shs-back/.venv/lib/python3.12/site-packages/starlette/middleware/cors.py", line 154, in simple_response
    await self.app(scope, receive, send)
  File "/Users/michael/dev/shs/shs-back/.venv/lib/python3.12/site-packages/starlette/middleware/exceptions.py", line 63, in __call__
    await wrap_app_handling_exceptions(self.app, conn)(scope, receive, send)
  File "/Users/michael/dev/shs/shs-back/.venv/lib/python3.12/site-packages/starlette/_exception_handler.py", line 53, in wrapped_app
    raise exc
  File "/Users/michael/dev/shs/shs-back/.venv/lib/python3.12/site-packages/starlette/_exception_handler.py", line 42, in wrapped_app
    await app(scope, receive, sender)
  File "/Users/michael/dev/shs/shs-back/.venv/lib/python3.12/site-packages/fastapi/middleware/asyncexitstack.py", line 18, in __call__
    await self.app(scope, receive, send)
  File "/Users/michael/dev/shs/shs-back/.venv/lib/python3.12/site-packages/starlette/routing.py", line 660, in __call__
    await self.middleware_stack(scope, receive, send)
  File "/Users/michael/dev/shs/shs-back/.venv/lib/python3.12/site-packages/starlette/routing.py", line 680, in app
    await route.handle(scope, receive, send)
  File "/Users/michael/dev/shs/shs-back/.venv/lib/python3.12/site-packages/starlette/routing.py", line 276, in handle
    await self.app(scope, receive, send)
  File "/Users/michael/dev/shs/shs-back/.venv/lib/python3.12/site-packages/fastapi/routing.py", line 134, in app
    await wrap_app_handling_exceptions(app, request)(scope, receive, send)
  File "/Users/michael/dev/shs/shs-back/.venv/lib/python3.12/site-packages/starlette/_exception_handler.py", line 53, in wrapped_app
    raise exc
  File "/Users/michael/dev/shs/shs-back/.venv/lib/python3.12/site-packages/starlette/_exception_handler.py", line 42, in wrapped_app
    await app(scope, receive, sender)
  File "/Users/michael/dev/shs/shs-back/.venv/lib/python3.12/site-packages/fastapi/routing.py", line 120, in app
    response = await f(request)
               ^^^^^^^^^^^^^^^^
  File "/Users/michael/dev/shs/shs-back/.venv/lib/python3.12/site-packages/fastapi/routing.py", line 695, in app
    content = await serialize_response(
              ^^^^^^^^^^^^^^^^^^^^^^^^^
  File "/Users/michael/dev/shs/shs-back/.venv/lib/python3.12/site-packages/fastapi/routing.py", line 300, in serialize_response
    raise ResponseValidationError(
fastapi.exceptions.ResponseValidationError: 20 validation errors:
  {'type': 'string_type', 'loc': ('response', 'items', 0, 'card_number'), 'msg': 'Input should be a valid string', 'input': None}
  {'type': 'string_type', 'loc': ('response', 'items', 1, 'card_number'), 'msg': 'Input should be a valid string', 'input': None}
  {'type': 'string_type', 'loc': ('response', 'items', 2, 'card_number'), 'msg': 'Input should be a valid string', 'input': None}
  {'type': 'string_type', 'loc': ('response', 'items', 3, 'card_number'), 'msg': 'Input should be a valid string', 'input': None}
  {'type': 'string_type', 'loc': ('response', 'items', 4, 'card_number'), 'msg': 'Input should be a valid string', 'input': None}
  {'type': 'string_type', 'loc': ('response', 'items', 5, 'card_number'), 'msg': 'Input should be a valid string', 'input': None}
  {'type': 'string_type', 'loc': ('response', 'items', 6, 'card_number'), 'msg': 'Input should be a valid string', 'input': None}
  {'type': 'string_type', 'loc': ('response', 'items', 7, 'card_number'), 'msg': 'Input should be a valid string', 'input': None}
  {'type': 'string_type', 'loc': ('response', 'items', 8, 'card_number'), 'msg': 'Input should be a valid string', 'input': None}
  {'type': 'string_type', 'loc': ('response', 'items', 9, 'card_number'), 'msg': 'Input should be a valid string', 'input': None}
  {'type': 'string_type', 'loc': ('response', 'items', 10, 'card_number'), 'msg': 'Input should be a valid string', 'input': None}
  {'type': 'string_type', 'loc': ('response', 'items', 11, 'card_number'), 'msg': 'Input should be a valid string', 'input': None}
  {'type': 'string_type', 'loc': ('response', 'items', 12, 'card_number'), 'msg': 'Input should be a valid string', 'input': None}
  {'type': 'string_type', 'loc': ('response', 'items', 13, 'card_number'), 'msg': 'Input should be a valid string', 'input': None}
  {'type': 'string_type', 'loc': ('response', 'items', 14, 'card_number'), 'msg': 'Input should be a valid string', 'input': None}
  {'type': 'string_type', 'loc': ('response', 'items', 15, 'card_number'), 'msg': 'Input should be a valid string', 'input': None}
  {'type': 'string_type', 'loc': ('response', 'items', 16, 'card_number'), 'msg': 'Input should be a valid string', 'input': None}
  {'type': 'string_type', 'loc': ('response', 'items', 17, 'card_number'), 'msg': 'Input should be a valid string', 'input': None}
  {'type': 'string_type', 'loc': ('response', 'items', 18, 'card_number'), 'msg': 'Input should be a valid string', 'input': None}
  {'type': 'string_type', 'loc': ('response', 'items', 19, 'card_number'), 'msg': 'Input should be a valid string', 'input': None}

  File "/Users/michael/dev/shs/shs-back/app/api/v1/endpoints/card.py", line 19, in get_cards
    GET /api/v1/card/
2026-05-31 21:26:15,522 - ERROR - System Error: /api/v1/card/ - 20 validation errors:
  {'type': 'string_type', 'loc': ('response', 'items', 0, 'card_number'), 'msg': 'Input should be a valid string', 'input': None}
  {'type': 'string_type', 'loc': ('response', 'items', 1, 'card_number'), 'msg': 'Input should be a valid string', 'input': None}
  {'type': 'string_type', 'loc': ('response', 'items', 2, 'card_number'), 'msg': 'Input should be a valid string', 'input': None}
  {'type': 'string_type', 'loc': ('response', 'items', 3, 'card_number'), 'msg': 'Input should be a valid string', 'input': None}
  {'type': 'string_type', 'loc': ('response', 'items', 4, 'card_number'), 'msg': 'Input should be a valid string', 'input': None}
  {'type': 'string_type', 'loc': ('response', 'items', 5, 'card_number'), 'msg': 'Input should be a valid string', 'input': None}
  {'type': 'string_type', 'loc': ('response', 'items', 6, 'card_number'), 'msg': 'Input should be a valid string', 'input': None}
  {'type': 'string_type', 'loc': ('response', 'items', 7, 'card_number'), 'msg': 'Input should be a valid string', 'input': None}
  {'type': 'string_type', 'loc': ('response', 'items', 8, 'card_number'), 'msg': 'Input should be a valid string', 'input': None}
  {'type': 'string_type', 'loc': ('response', 'items', 9, 'card_number'), 'msg': 'Input should be a valid string', 'input': None}
  {'type': 'string_type', 'loc': ('response', 'items', 10, 'card_number'), 'msg': 'Input should be a valid string', 'input': None}
  {'type': 'string_type', 'loc': ('response', 'items', 11, 'card_number'), 'msg': 'Input should be a valid string', 'input': None}
  {'type': 'string_type', 'loc': ('response', 'items', 12, 'card_number'), 'msg': 'Input should be a valid string', 'input': None}
  {'type': 'string_type', 'loc': ('response', 'items', 13, 'card_number'), 'msg': 'Input should be a valid string', 'input': None}
  {'type': 'string_type', 'loc': ('response', 'items', 14, 'card_number'), 'msg': 'Input should be a valid string', 'input': None}
  {'type': 'string_type', 'loc': ('response', 'items', 15, 'card_number'), 'msg': 'Input should be a valid string', 'input': None}
  {'type': 'string_type', 'loc': ('response', 'items', 16, 'card_number'), 'msg': 'Input should be a valid string', 'input': None}
  {'type': 'string_type', 'loc': ('response', 'items', 17, 'card_number'), 'msg': 'Input should be a valid string', 'input': None}
  {'type': 'string_type', 'loc': ('response', 'items', 18, 'card_number'), 'msg': 'Input should be a valid string', 'input': None}
  {'type': 'string_type', 'loc': ('response', 'items', 19, 'card_number'), 'msg': 'Input should be a valid string', 'input': None}

  File "/Users/michael/dev/shs/shs-back/app/api/v1/endpoints/card.py", line 19, in get_cards
    GET /api/v1/card/
Traceback (most recent call last):
  File "/Users/michael/dev/shs/shs-back/.venv/lib/python3.12/site-packages/starlette/middleware/errors.py", line 164, in __call__
    await self.app(scope, receive, _send)
  File "/Users/michael/dev/shs/shs-back/.venv/lib/python3.12/site-packages/starlette/middleware/base.py", line 191, in __call__
    with recv_stream, send_stream, collapse_excgroups():
                                   ^^^^^^^^^^^^^^^^^^^^
  File "/Library/Frameworks/Python.framework/Versions/3.12/lib/python3.12/contextlib.py", line 158, in __exit__
    self.gen.throw(value)
  File "/Users/michael/dev/shs/shs-back/.venv/lib/python3.12/site-packages/starlette/_utils.py", line 87, in collapse_excgroups
    raise exc
  File "/Users/michael/dev/shs/shs-back/.venv/lib/python3.12/site-packages/starlette/middleware/base.py", line 193, in __call__
    response = await self.dispatch_func(request, call_next)
               ^^^^^^^^^^^^^^^^^^^^^^^^^^^^^^^^^^^^^^^^^^^^
  File "/Users/michael/dev/shs/shs-back/app/main.py", line 138, in add_private_network_access_header
    response = await call_next(request)
               ^^^^^^^^^^^^^^^^^^^^^^^^
  File "/Users/michael/dev/shs/shs-back/.venv/lib/python3.12/site-packages/starlette/middleware/base.py", line 168, in call_next
    raise app_exc from app_exc.__cause__ or app_exc.__context__
  File "/Users/michael/dev/shs/shs-back/.venv/lib/python3.12/site-packages/starlette/middleware/base.py", line 144, in coro
    await self.app(scope, receive_or_disconnect, send_no_error)
  File "/Users/michael/dev/shs/shs-back/.venv/lib/python3.12/site-packages/starlette/middleware/cors.py", line 96, in __call__
    await self.simple_response(scope, receive, send, request_headers=headers)
  File "/Users/michael/dev/shs/shs-back/.venv/lib/python3.12/site-packages/starlette/middleware/cors.py", line 154, in simple_response
    await self.app(scope, receive, send)
  File "/Users/michael/dev/shs/shs-back/.venv/lib/python3.12/site-packages/starlette/middleware/exceptions.py", line 63, in __call__
    await wrap_app_handling_exceptions(self.app, conn)(scope, receive, send)
  File "/Users/michael/dev/shs/shs-back/.venv/lib/python3.12/site-packages/starlette/_exception_handler.py", line 53, in wrapped_app
    raise exc
  File "/Users/michael/dev/shs/shs-back/.venv/lib/python3.12/site-packages/starlette/_exception_handler.py", line 42, in wrapped_app
    await app(scope, receive, sender)
  File "/Users/michael/dev/shs/shs-back/.venv/lib/python3.12/site-packages/fastapi/middleware/asyncexitstack.py", line 18, in __call__
    await self.app(scope, receive, send)
  File "/Users/michael/dev/shs/shs-back/.venv/lib/python3.12/site-packages/starlette/routing.py", line 660, in __call__
    await self.middleware_stack(scope, receive, send)
  File "/Users/michael/dev/shs/shs-back/.venv/lib/python3.12/site-packages/starlette/routing.py", line 680, in app
    await route.handle(scope, receive, send)
  File "/Users/michael/dev/shs/shs-back/.venv/lib/python3.12/site-packages/starlette/routing.py", line 276, in handle
    await self.app(scope, receive, send)
  File "/Users/michael/dev/shs/shs-back/.venv/lib/python3.12/site-packages/fastapi/routing.py", line 134, in app
    await wrap_app_handling_exceptions(app, request)(scope, receive, send)
  File "/Users/michael/dev/shs/shs-back/.venv/lib/python3.12/site-packages/starlette/_exception_handler.py", line 53, in wrapped_app
    raise exc
  File "/Users/michael/dev/shs/shs-back/.venv/lib/python3.12/site-packages/starlette/_exception_handler.py", line 42, in wrapped_app
    await app(scope, receive, sender)
  File "/Users/michael/dev/shs/shs-back/.venv/lib/python3.12/site-packages/fastapi/routing.py", line 120, in app
    response = await f(request)
               ^^^^^^^^^^^^^^^^
  File "/Users/michael/dev/shs/shs-back/.venv/lib/python3.12/site-packages/fastapi/routing.py", line 695, in app
    content = await serialize_response(
              ^^^^^^^^^^^^^^^^^^^^^^^^^
  File "/Users/michael/dev/shs/shs-back/.venv/lib/python3.12/site-packages/fastapi/routing.py", line 300, in serialize_response
    raise ResponseValidationError(
fastapi.exceptions.ResponseValidationError: 20 validation errors:
  {'type': 'string_type', 'loc': ('response', 'items', 0, 'card_number'), 'msg': 'Input should be a valid string', 'input': None}
  {'type': 'string_type', 'loc': ('response', 'items', 1, 'card_number'), 'msg': 'Input should be a valid string', 'input': None}
  {'type': 'string_type', 'loc': ('response', 'items', 2, 'card_number'), 'msg': 'Input should be a valid string', 'input': None}
  {'type': 'string_type', 'loc': ('response', 'items', 3, 'card_number'), 'msg': 'Input should be a valid string', 'input': None}
  {'type': 'string_type', 'loc': ('response', 'items', 4, 'card_number'), 'msg': 'Input should be a valid string', 'input': None}
  {'type': 'string_type', 'loc': ('response', 'items', 5, 'card_number'), 'msg': 'Input should be a valid string', 'input': None}
  {'type': 'string_type', 'loc': ('response', 'items', 6, 'card_number'), 'msg': 'Input should be a valid string', 'input': None}
  {'type': 'string_type', 'loc': ('response', 'items', 7, 'card_number'), 'msg': 'Input should be a valid string', 'input': None}
  {'type': 'string_type', 'loc': ('response', 'items', 8, 'card_number'), 'msg': 'Input should be a valid string', 'input': None}
  {'type': 'string_type', 'loc': ('response', 'items', 9, 'card_number'), 'msg': 'Input should be a valid string', 'input': None}
  {'type': 'string_type', 'loc': ('response', 'items', 10, 'card_number'), 'msg': 'Input should be a valid string', 'input': None}
  {'type': 'string_type', 'loc': ('response', 'items', 11, 'card_number'), 'msg': 'Input should be a valid string', 'input': None}
  {'type': 'string_type', 'loc': ('response', 'items', 12, 'card_number'), 'msg': 'Input should be a valid string', 'input': None}
  {'type': 'string_type', 'loc': ('response', 'items', 13, 'card_number'), 'msg': 'Input should be a valid string', 'input': None}
  {'type': 'string_type', 'loc': ('response', 'items', 14, 'card_number'), 'msg': 'Input should be a valid string', 'input': None}
  {'type': 'string_type', 'loc': ('response', 'items', 15, 'card_number'), 'msg': 'Input should be a valid string', 'input': None}
  {'type': 'string_type', 'loc': ('response', 'items', 16, 'card_number'), 'msg': 'Input should be a valid string', 'input': None}
  {'type': 'string_type', 'loc': ('response', 'items', 17, 'card_number'), 'msg': 'Input should be a valid string', 'input': None}
  {'type': 'string_type', 'loc': ('response', 'items', 18, 'card_number'), 'msg': 'Input should be a valid string', 'input': None}
  {'type': 'string_type', 'loc': ('response', 'items', 19, 'card_number'), 'msg': 'Input should be a valid string', 'input': None}

  File "/Users/michael/dev/shs/shs-back/app/api/v1/endpoints/card.py", line 19, in get_cards
    GET /api/v1/card/
2026-05-31 21:26:15,563 - ERROR - System Error: /api/v1/card/ - 20 validation errors:
  {'type': 'string_type', 'loc': ('response', 'items', 0, 'card_number'), 'msg': 'Input should be a valid string', 'input': None}
  {'type': 'string_type', 'loc': ('response', 'items', 1, 'card_number'), 'msg': 'Input should be a valid string', 'input': None}
  {'type': 'string_type', 'loc': ('response', 'items', 2, 'card_number'), 'msg': 'Input should be a valid string', 'input': None}
  {'type': 'string_type', 'loc': ('response', 'items', 3, 'card_number'), 'msg': 'Input should be a valid string', 'input': None}
  {'type': 'string_type', 'loc': ('response', 'items', 4, 'card_number'), 'msg': 'Input should be a valid string', 'input': None}
  {'type': 'string_type', 'loc': ('response', 'items', 5, 'card_number'), 'msg': 'Input should be a valid string', 'input': None}
  {'type': 'string_type', 'loc': ('response', 'items', 6, 'card_number'), 'msg': 'Input should be a valid string', 'input': None}
  {'type': 'string_type', 'loc': ('response', 'items', 7, 'card_number'), 'msg': 'Input should be a valid string', 'input': None}
  {'type': 'string_type', 'loc': ('response', 'items', 8, 'card_number'), 'msg': 'Input should be a valid string', 'input': None}
  {'type': 'string_type', 'loc': ('response', 'items', 9, 'card_number'), 'msg': 'Input should be a valid string', 'input': None}
  {'type': 'string_type', 'loc': ('response', 'items', 10, 'card_number'), 'msg': 'Input should be a valid string', 'input': None}
  {'type': 'string_type', 'loc': ('response', 'items', 11, 'card_number'), 'msg': 'Input should be a valid string', 'input': None}
  {'type': 'string_type', 'loc': ('response', 'items', 12, 'card_number'), 'msg': 'Input should be a valid string', 'input': None}
  {'type': 'string_type', 'loc': ('response', 'items', 13, 'card_number'), 'msg': 'Input should be a valid string', 'input': None}
  {'type': 'string_type', 'loc': ('response', 'items', 14, 'card_number'), 'msg': 'Input should be a valid string', 'input': None}
  {'type': 'string_type', 'loc': ('response', 'items', 15, 'card_number'), 'msg': 'Input should be a valid string', 'input': None}
  {'type': 'string_type', 'loc': ('response', 'items', 16, 'card_number'), 'msg': 'Input should be a valid string', 'input': None}
  {'type': 'string_type', 'loc': ('response', 'items', 17, 'card_number'), 'msg': 'Input should be a valid string', 'input': None}
  {'type': 'string_type', 'loc': ('response', 'items', 18, 'card_number'), 'msg': 'Input should be a valid string', 'input': None}
  {'type': 'string_type', 'loc': ('response', 'items', 19, 'card_number'), 'msg': 'Input should be a valid string', 'input': None}

  File "/Users/michael/dev/shs/shs-back/app/api/v1/endpoints/card.py", line 19, in get_cards
    GET /api/v1/card/
Traceback (most recent call last):
  File "/Users/michael/dev/shs/shs-back/.venv/lib/python3.12/site-packages/starlette/middleware/errors.py", line 164, in __call__
    await self.app(scope, receive, _send)
  File "/Users/michael/dev/shs/shs-back/.venv/lib/python3.12/site-packages/starlette/middleware/base.py", line 191, in __call__
    with recv_stream, send_stream, collapse_excgroups():
                                   ^^^^^^^^^^^^^^^^^^^^
  File "/Library/Frameworks/Python.framework/Versions/3.12/lib/python3.12/contextlib.py", line 158, in __exit__
    self.gen.throw(value)
  File "/Users/michael/dev/shs/shs-back/.venv/lib/python3.12/site-packages/starlette/_utils.py", line 87, in collapse_excgroups
    raise exc
  File "/Users/michael/dev/shs/shs-back/.venv/lib/python3.12/site-packages/starlette/middleware/base.py", line 193, in __call__
    response = await self.dispatch_func(request, call_next)
               ^^^^^^^^^^^^^^^^^^^^^^^^^^^^^^^^^^^^^^^^^^^^
  File "/Users/michael/dev/shs/shs-back/app/main.py", line 138, in add_private_network_access_header
    response = await call_next(request)
               ^^^^^^^^^^^^^^^^^^^^^^^^
  File "/Users/michael/dev/shs/shs-back/.venv/lib/python3.12/site-packages/starlette/middleware/base.py", line 168, in call_next
    raise app_exc from app_exc.__cause__ or app_exc.__context__
  File "/Users/michael/dev/shs/shs-back/.venv/lib/python3.12/site-packages/starlette/middleware/base.py", line 144, in coro
    await self.app(scope, receive_or_disconnect, send_no_error)
  File "/Users/michael/dev/shs/shs-back/.venv/lib/python3.12/site-packages/starlette/middleware/cors.py", line 96, in __call__
    await self.simple_response(scope, receive, send, request_headers=headers)
  File "/Users/michael/dev/shs/shs-back/.venv/lib/python3.12/site-packages/starlette/middleware/cors.py", line 154, in simple_response
    await self.app(scope, receive, send)
  File "/Users/michael/dev/shs/shs-back/.venv/lib/python3.12/site-packages/starlette/middleware/exceptions.py", line 63, in __call__
    await wrap_app_handling_exceptions(self.app, conn)(scope, receive, send)
  File "/Users/michael/dev/shs/shs-back/.venv/lib/python3.12/site-packages/starlette/_exception_handler.py", line 53, in wrapped_app
    raise exc
  File "/Users/michael/dev/shs/shs-back/.venv/lib/python3.12/site-packages/starlette/_exception_handler.py", line 42, in wrapped_app
    await app(scope, receive, sender)
  File "/Users/michael/dev/shs/shs-back/.venv/lib/python3.12/site-packages/fastapi/middleware/asyncexitstack.py", line 18, in __call__
    await self.app(scope, receive, send)
  File "/Users/michael/dev/shs/shs-back/.venv/lib/python3.12/site-packages/starlette/routing.py", line 660, in __call__
    await self.middleware_stack(scope, receive, send)
  File "/Users/michael/dev/shs/shs-back/.venv/lib/python3.12/site-packages/starlette/routing.py", line 680, in app
    await route.handle(scope, receive, send)
  File "/Users/michael/dev/shs/shs-back/.venv/lib/python3.12/site-packages/starlette/routing.py", line 276, in handle
    await self.app(scope, receive, send)
  File "/Users/michael/dev/shs/shs-back/.venv/lib/python3.12/site-packages/fastapi/routing.py", line 134, in app
    await wrap_app_handling_exceptions(app, request)(scope, receive, send)
  File "/Users/michael/dev/shs/shs-back/.venv/lib/python3.12/site-packages/starlette/_exception_handler.py", line 53, in wrapped_app
    raise exc
  File "/Users/michael/dev/shs/shs-back/.venv/lib/python3.12/site-packages/starlette/_exception_handler.py", line 42, in wrapped_app
    await app(scope, receive, sender)
  File "/Users/michael/dev/shs/shs-back/.venv/lib/python3.12/site-packages/fastapi/routing.py", line 120, in app
    response = await f(request)
               ^^^^^^^^^^^^^^^^
  File "/Users/michael/dev/shs/shs-back/.venv/lib/python3.12/site-packages/fastapi/routing.py", line 695, in app
    content = await serialize_response(
              ^^^^^^^^^^^^^^^^^^^^^^^^^
  File "/Users/michael/dev/shs/shs-back/.venv/lib/python3.12/site-packages/fastapi/routing.py", line 300, in serialize_response
    raise ResponseValidationError(
fastapi.exceptions.ResponseValidationError: 20 validation errors:
  {'type': 'string_type', 'loc': ('response', 'items', 0, 'card_number'), 'msg': 'Input should be a valid string', 'input': None}
  {'type': 'string_type', 'loc': ('response', 'items', 1, 'card_number'), 'msg': 'Input should be a valid string', 'input': None}
  {'type': 'string_type', 'loc': ('response', 'items', 2, 'card_number'), 'msg': 'Input should be a valid string', 'input': None}
  {'type': 'string_type', 'loc': ('response', 'items', 3, 'card_number'), 'msg': 'Input should be a valid string', 'input': None}
  {'type': 'string_type', 'loc': ('response', 'items', 4, 'card_number'), 'msg': 'Input should be a valid string', 'input': None}
  {'type': 'string_type', 'loc': ('response', 'items', 5, 'card_number'), 'msg': 'Input should be a valid string', 'input': None}
  {'type': 'string_type', 'loc': ('response', 'items', 6, 'card_number'), 'msg': 'Input should be a valid string', 'input': None}
  {'type': 'string_type', 'loc': ('response', 'items', 7, 'card_number'), 'msg': 'Input should be a valid string', 'input': None}
  {'type': 'string_type', 'loc': ('response', 'items', 8, 'card_number'), 'msg': 'Input should be a valid string', 'input': None}
  {'type': 'string_type', 'loc': ('response', 'items', 9, 'card_number'), 'msg': 'Input should be a valid string', 'input': None}
  {'type': 'string_type', 'loc': ('response', 'items', 10, 'card_number'), 'msg': 'Input should be a valid string', 'input': None}
  {'type': 'string_type', 'loc': ('response', 'items', 11, 'card_number'), 'msg': 'Input should be a valid string', 'input': None}
  {'type': 'string_type', 'loc': ('response', 'items', 12, 'card_number'), 'msg': 'Input should be a valid string', 'input': None}
  {'type': 'string_type', 'loc': ('response', 'items', 13, 'card_number'), 'msg': 'Input should be a valid string', 'input': None}
  {'type': 'string_type', 'loc': ('response', 'items', 14, 'card_number'), 'msg': 'Input should be a valid string', 'input': None}
  {'type': 'string_type', 'loc': ('response', 'items', 15, 'card_number'), 'msg': 'Input should be a valid string', 'input': None}
  {'type': 'string_type', 'loc': ('response', 'items', 16, 'card_number'), 'msg': 'Input should be a valid string', 'input': None}
  {'type': 'string_type', 'loc': ('response', 'items', 17, 'card_number'), 'msg': 'Input should be a valid string', 'input': None}
  {'type': 'string_type', 'loc': ('response', 'items', 18, 'card_number'), 'msg': 'Input should be a valid string', 'input': None}
  {'type': 'string_type', 'loc': ('response', 'items', 19, 'card_number'), 'msg': 'Input should be a valid string', 'input': None}

  File "/Users/michael/dev/shs/shs-back/app/api/v1/endpoints/card.py", line 19, in get_cards
    GET /api/v1/card/
2026-05-31 21:26:15,615 - ERROR - System Error: /api/v1/card/ - 20 validation errors:
  {'type': 'string_type', 'loc': ('response', 'items', 0, 'card_number'), 'msg': 'Input should be a valid string', 'input': None}
  {'type': 'string_type', 'loc': ('response', 'items', 1, 'card_number'), 'msg': 'Input should be a valid string', 'input': None}
  {'type': 'string_type', 'loc': ('response', 'items', 2, 'card_number'), 'msg': 'Input should be a valid string', 'input': None}
  {'type': 'string_type', 'loc': ('response', 'items', 3, 'card_number'), 'msg': 'Input should be a valid string', 'input': None}
  {'type': 'string_type', 'loc': ('response', 'items', 4, 'card_number'), 'msg': 'Input should be a valid string', 'input': None}
  {'type': 'string_type', 'loc': ('response', 'items', 5, 'card_number'), 'msg': 'Input should be a valid string', 'input': None}
  {'type': 'string_type', 'loc': ('response', 'items', 6, 'card_number'), 'msg': 'Input should be a valid string', 'input': None}
  {'type': 'string_type', 'loc': ('response', 'items', 7, 'card_number'), 'msg': 'Input should be a valid string', 'input': None}
  {'type': 'string_type', 'loc': ('response', 'items', 8, 'card_number'), 'msg': 'Input should be a valid string', 'input': None}
  {'type': 'string_type', 'loc': ('response', 'items', 9, 'card_number'), 'msg': 'Input should be a valid string', 'input': None}
  {'type': 'string_type', 'loc': ('response', 'items', 10, 'card_number'), 'msg': 'Input should be a valid string', 'input': None}
  {'type': 'string_type', 'loc': ('response', 'items', 11, 'card_number'), 'msg': 'Input should be a valid string', 'input': None}
  {'type': 'string_type', 'loc': ('response', 'items', 12, 'card_number'), 'msg': 'Input should be a valid string', 'input': None}
  {'type': 'string_type', 'loc': ('response', 'items', 13, 'card_number'), 'msg': 'Input should be a valid string', 'input': None}
  {'type': 'string_type', 'loc': ('response', 'items', 14, 'card_number'), 'msg': 'Input should be a valid string', 'input': None}
  {'type': 'string_type', 'loc': ('response', 'items', 15, 'card_number'), 'msg': 'Input should be a valid string', 'input': None}
  {'type': 'string_type', 'loc': ('response', 'items', 16, 'card_number'), 'msg': 'Input should be a valid string', 'input': None}
  {'type': 'string_type', 'loc': ('response', 'items', 17, 'card_number'), 'msg': 'Input should be a valid string', 'input': None}
  {'type': 'string_type', 'loc': ('response', 'items', 18, 'card_number'), 'msg': 'Input should be a valid string', 'input': None}
  {'type': 'string_type', 'loc': ('response', 'items', 19, 'card_number'), 'msg': 'Input should be a valid string', 'input': None}

  File "/Users/michael/dev/shs/shs-back/app/api/v1/endpoints/card.py", line 19, in get_cards
    GET /api/v1/card/
Traceback (most recent call last):
  File "/Users/michael/dev/shs/shs-back/.venv/lib/python3.12/site-packages/starlette/middleware/errors.py", line 164, in __call__
    await self.app(scope, receive, _send)
  File "/Users/michael/dev/shs/shs-back/.venv/lib/python3.12/site-packages/starlette/middleware/base.py", line 191, in __call__
    with recv_stream, send_stream, collapse_excgroups():
                                   ^^^^^^^^^^^^^^^^^^^^
  File "/Library/Frameworks/Python.framework/Versions/3.12/lib/python3.12/contextlib.py", line 158, in __exit__
    self.gen.throw(value)
  File "/Users/michael/dev/shs/shs-back/.venv/lib/python3.12/site-packages/starlette/_utils.py", line 87, in collapse_excgroups
    raise exc
  File "/Users/michael/dev/shs/shs-back/.venv/lib/python3.12/site-packages/starlette/middleware/base.py", line 193, in __call__
    response = await self.dispatch_func(request, call_next)
               ^^^^^^^^^^^^^^^^^^^^^^^^^^^^^^^^^^^^^^^^^^^^
  File "/Users/michael/dev/shs/shs-back/app/main.py", line 138, in add_private_network_access_header
    response = await call_next(request)
               ^^^^^^^^^^^^^^^^^^^^^^^^
  File "/Users/michael/dev/shs/shs-back/.venv/lib/python3.12/site-packages/starlette/middleware/base.py", line 168, in call_next
    raise app_exc from app_exc.__cause__ or app_exc.__context__
  File "/Users/michael/dev/shs/shs-back/.venv/lib/python3.12/site-packages/starlette/middleware/base.py", line 144, in coro
    await self.app(scope, receive_or_disconnect, send_no_error)
  File "/Users/michael/dev/shs/shs-back/.venv/lib/python3.12/site-packages/starlette/middleware/cors.py", line 96, in __call__
    await self.simple_response(scope, receive, send, request_headers=headers)
  File "/Users/michael/dev/shs/shs-back/.venv/lib/python3.12/site-packages/starlette/middleware/cors.py", line 154, in simple_response
    await self.app(scope, receive, send)
  File "/Users/michael/dev/shs/shs-back/.venv/lib/python3.12/site-packages/starlette/middleware/exceptions.py", line 63, in __call__
    await wrap_app_handling_exceptions(self.app, conn)(scope, receive, send)
  File "/Users/michael/dev/shs/shs-back/.venv/lib/python3.12/site-packages/starlette/_exception_handler.py", line 53, in wrapped_app
    raise exc
  File "/Users/michael/dev/shs/shs-back/.venv/lib/python3.12/site-packages/starlette/_exception_handler.py", line 42, in wrapped_app
    await app(scope, receive, sender)
  File "/Users/michael/dev/shs/shs-back/.venv/lib/python3.12/site-packages/fastapi/middleware/asyncexitstack.py", line 18, in __call__
    await self.app(scope, receive, send)
  File "/Users/michael/dev/shs/shs-back/.venv/lib/python3.12/site-packages/starlette/routing.py", line 660, in __call__
    await self.middleware_stack(scope, receive, send)
  File "/Users/michael/dev/shs/shs-back/.venv/lib/python3.12/site-packages/starlette/routing.py", line 680, in app
    await route.handle(scope, receive, send)
  File "/Users/michael/dev/shs/shs-back/.venv/lib/python3.12/site-packages/starlette/routing.py", line 276, in handle
    await self.app(scope, receive, send)
  File "/Users/michael/dev/shs/shs-back/.venv/lib/python3.12/site-packages/fastapi/routing.py", line 134, in app
    await wrap_app_handling_exceptions(app, request)(scope, receive, send)
  File "/Users/michael/dev/shs/shs-back/.venv/lib/python3.12/site-packages/starlette/_exception_handler.py", line 53, in wrapped_app
    raise exc
  File "/Users/michael/dev/shs/shs-back/.venv/lib/python3.12/site-packages/starlette/_exception_handler.py", line 42, in wrapped_app
    await app(scope, receive, sender)
  File "/Users/michael/dev/shs/shs-back/.venv/lib/python3.12/site-packages/fastapi/routing.py", line 120, in app
    response = await f(request)
               ^^^^^^^^^^^^^^^^
  File "/Users/michael/dev/shs/shs-back/.venv/lib/python3.12/site-packages/fastapi/routing.py", line 695, in app
    content = await serialize_response(
              ^^^^^^^^^^^^^^^^^^^^^^^^^
  File "/Users/michael/dev/shs/shs-back/.venv/lib/python3.12/site-packages/fastapi/routing.py", line 300, in serialize_response
    raise ResponseValidationError(
fastapi.exceptions.ResponseValidationError: 20 validation errors:
  {'type': 'string_type', 'loc': ('response', 'items', 0, 'card_number'), 'msg': 'Input should be a valid string', 'input': None}
  {'type': 'string_type', 'loc': ('response', 'items', 1, 'card_number'), 'msg': 'Input should be a valid string', 'input': None}
  {'type': 'string_type', 'loc': ('response', 'items', 2, 'card_number'), 'msg': 'Input should be a valid string', 'input': None}
  {'type': 'string_type', 'loc': ('response', 'items', 3, 'card_number'), 'msg': 'Input should be a valid string', 'input': None}
  {'type': 'string_type', 'loc': ('response', 'items', 4, 'card_number'), 'msg': 'Input should be a valid string', 'input': None}
  {'type': 'string_type', 'loc': ('response', 'items', 5, 'card_number'), 'msg': 'Input should be a valid string', 'input': None}
  {'type': 'string_type', 'loc': ('response', 'items', 6, 'card_number'), 'msg': 'Input should be a valid string', 'input': None}
  {'type': 'string_type', 'loc': ('response', 'items', 7, 'card_number'), 'msg': 'Input should be a valid string', 'input': None}
  {'type': 'string_type', 'loc': ('response', 'items', 8, 'card_number'), 'msg': 'Input should be a valid string', 'input': None}
  {'type': 'string_type', 'loc': ('response', 'items', 9, 'card_number'), 'msg': 'Input should be a valid string', 'input': None}
  {'type': 'string_type', 'loc': ('response', 'items', 10, 'card_number'), 'msg': 'Input should be a valid string', 'input': None}
  {'type': 'string_type', 'loc': ('response', 'items', 11, 'card_number'), 'msg': 'Input should be a valid string', 'input': None}
  {'type': 'string_type', 'loc': ('response', 'items', 12, 'card_number'), 'msg': 'Input should be a valid string', 'input': None}
  {'type': 'string_type', 'loc': ('response', 'items', 13, 'card_number'), 'msg': 'Input should be a valid string', 'input': None}
  {'type': 'string_type', 'loc': ('response', 'items', 14, 'card_number'), 'msg': 'Input should be a valid string', 'input': None}
  {'type': 'string_type', 'loc': ('response', 'items', 15, 'card_number'), 'msg': 'Input should be a valid string', 'input': None}
  {'type': 'string_type', 'loc': ('response', 'items', 16, 'card_number'), 'msg': 'Input should be a valid string', 'input': None}
  {'type': 'string_type', 'loc': ('response', 'items', 17, 'card_number'), 'msg': 'Input should be a valid string', 'input': None}
  {'type': 'string_type', 'loc': ('response', 'items', 18, 'card_number'), 'msg': 'Input should be a valid string', 'input': None}
  {'type': 'string_type', 'loc': ('response', 'items', 19, 'card_number'), 'msg': 'Input should be a valid string', 'input': None}

  File "/Users/michael/dev/shs/shs-back/app/api/v1/endpoints/card.py", line 19, in get_cards
    GET /api/v1/card/
2026-05-31 21:27:46,355 - INFO - Scheduler has been shut down
2026-05-31 21:27:48,806 - INFO - --- 正在检查并创建表结构 ---
2026-05-31 21:27:49,229 - INFO - --- 正在自动校准数据库发号器 ---
2026-05-31 21:27:49,272 - INFO - ✅ 数据库发号器校准完成
2026-05-31 21:27:49,310 - INFO - Adding job tentatively -- it will be properly scheduled when the scheduler starts
2026-05-31 21:27:49,311 - INFO - Added job "perform_db_backup" to job store "default"
2026-05-31 21:27:49,311 - INFO - Scheduler started
2026-05-31 21:27:49,311 - INFO - ⏰ Database auto-backup scheduler started (Daily at 02:00)
2026-05-31 21:27:57,213 - INFO - Scheduler has been shut down
2026-05-31 21:27:58,442 - INFO - --- 正在检查并创建表结构 ---
2026-05-31 21:27:58,527 - INFO - --- 正在自动校准数据库发号器 ---
2026-05-31 21:27:58,547 - INFO - ✅ 数据库发号器校准完成
2026-05-31 21:27:58,565 - INFO - Adding job tentatively -- it will be properly scheduled when the scheduler starts
2026-05-31 21:27:58,566 - INFO - Added job "perform_db_backup" to job store "default"
2026-05-31 21:27:58,566 - INFO - Scheduler started
2026-05-31 21:27:58,566 - INFO - ⏰ Database auto-backup scheduler started (Daily at 02:00)
2026-05-31 21:28:29,931 - INFO - Scheduler has been shut down
2026-05-31 21:28:31,162 - INFO - --- 正在检查并创建表结构 ---
2026-05-31 21:28:31,283 - INFO - --- 正在自动校准数据库发号器 ---
2026-05-31 21:28:31,306 - INFO - ✅ 数据库发号器校准完成
2026-05-31 21:28:31,323 - INFO - Adding job tentatively -- it will be properly scheduled when the scheduler starts
2026-05-31 21:28:31,323 - INFO - Added job "perform_db_backup" to job store "default"
2026-05-31 21:28:31,324 - INFO - Scheduler started
2026-05-31 21:28:31,324 - INFO - ⏰ Database auto-backup scheduler started (Daily at 02:00)
2026-05-31 21:28:33,944 - INFO - Scheduler has been shut down
2026-05-31 21:28:36,267 - INFO - --- 正在检查并创建表结构 ---
2026-05-31 21:28:36,377 - INFO - --- 正在自动校准数据库发号器 ---
2026-05-31 21:28:36,408 - INFO - ✅ 数据库发号器校准完成
2026-05-31 21:28:36,425 - INFO - Adding job tentatively -- it will be properly scheduled when the scheduler starts
2026-05-31 21:28:36,425 - INFO - Added job "perform_db_backup" to job store "default"
2026-05-31 21:28:36,425 - INFO - Scheduler started
2026-05-31 21:28:36,425 - INFO - ⏰ Database auto-backup scheduler started (Daily at 02:00)
2026-05-31 21:28:42,018 - INFO - Scheduler has been shut down
2026-05-31 21:28:44,795 - INFO - --- 正在检查并创建表结构 ---
2026-05-31 21:28:45,093 - INFO - --- 正在自动校准数据库发号器 ---
2026-05-31 21:28:45,121 - INFO - ✅ 数据库发号器校准完成
2026-05-31 21:28:45,142 - INFO - Adding job tentatively -- it will be properly scheduled when the scheduler starts
2026-05-31 21:28:45,142 - INFO - Added job "perform_db_backup" to job store "default"
2026-05-31 21:28:45,142 - INFO - Scheduler started
2026-05-31 21:28:45,142 - INFO - ⏰ Database auto-backup scheduler started (Daily at 02:00)
2026-05-31 21:56:40,377 - INFO - Scheduler has been shut down
2026-05-31 21:56:42,221 - INFO - --- 正在检查并创建表结构 ---
2026-05-31 21:56:42,688 - INFO - --- 正在自动校准数据库发号器 ---
2026-05-31 21:56:42,747 - INFO - ✅ 数据库发号器校准完成
2026-05-31 21:56:42,764 - INFO - Adding job tentatively -- it will be properly scheduled when the scheduler starts
2026-05-31 21:56:42,764 - INFO - Added job "perform_db_backup" to job store "default"
2026-05-31 21:56:42,764 - INFO - Scheduler started
2026-05-31 21:56:42,765 - INFO - ⏰ Database auto-backup scheduler started (Daily at 02:00)
2026-05-31 21:56:49,252 - INFO - Scheduler has been shut down
2026-05-31 21:56:50,490 - INFO - --- 正在检查并创建表结构 ---
2026-05-31 21:56:50,575 - INFO - --- 正在自动校准数据库发号器 ---
2026-05-31 21:56:50,590 - INFO - ✅ 数据库发号器校准完成
2026-05-31 21:56:50,605 - INFO - Adding job tentatively -- it will be properly scheduled when the scheduler starts
2026-05-31 21:56:50,605 - INFO - Added job "perform_db_backup" to job store "default"
2026-05-31 21:56:50,605 - INFO - Scheduler started
2026-05-31 21:56:50,606 - INFO - ⏰ Database auto-backup scheduler started (Daily at 02:00)
2026-05-31 21:57:05,352 - INFO - Scheduler has been shut down
2026-05-31 21:57:06,460 - INFO - --- 正在检查并创建表结构 ---
2026-05-31 21:57:06,549 - INFO - --- 正在自动校准数据库发号器 ---
2026-05-31 21:57:06,570 - INFO - ✅ 数据库发号器校准完成
2026-05-31 21:57:06,585 - INFO - Adding job tentatively -- it will be properly scheduled when the scheduler starts
2026-05-31 21:57:06,585 - INFO - Added job "perform_db_backup" to job store "default"
2026-05-31 21:57:06,585 - INFO - Scheduler started
2026-05-31 21:57:06,585 - INFO - ⏰ Database auto-backup scheduler started (Daily at 02:00)
2026-05-31 22:07:46,306 - WARNING - ⚠️ Business Error at /api/v1/login/token-json: 400 - Incorrect username or email
2026-05-31 22:09:48,028 - WARNING - ⚠️ Business Error at /api/v1/login/token-json: 400 - Incorrect username or email
2026-05-31 22:10:01,239 - WARNING - ⚠️ Business Error at /api/v1/login/token-json: 400 - Incorrect password
2026-05-31 22:10:11,325 - WARNING - ⚠️ Business Error at /api/v1/login/token-json: 400 - Incorrect password
2026-05-31 22:11:00,546 - WARNING - ⚠️ Business Error at /api/v1/user/: 400 - Username already registered
2026-05-31 22:11:05,584 - WARNING - ⚠️ Business Error at /api/v1/user/: 400 - Email already registered
2026-05-31 22:12:45,725 - WARNING - ⚠️ Business Error at /api/v1/login/token-json: 400 - Incorrect password
2026-05-31 22:12:52,569 - WARNING - ⚠️ Business Error at /api/v1/login/token-json: 400 - Incorrect password
2026-05-31 22:13:01,907 - WARNING - ⚠️ Business Error at /api/v1/login/token-json: 400 - Incorrect password
2026-05-31 22:13:31,525 - INFO - Scheduler has been shut down
2026-05-31 23:43:13,683 - INFO - --- 正在检查并创建表结构 ---
2026-05-31 23:43:14,232 - INFO - --- 正在自动校准数据库发号器 ---
2026-05-31 23:43:14,404 - INFO - ✅ 数据库发号器校准完成
2026-05-31 23:43:14,441 - INFO - Adding job tentatively -- it will be properly scheduled when the scheduler starts
2026-05-31 23:43:14,441 - INFO - Added job "perform_db_backup" to job store "default"
2026-05-31 23:43:14,441 - INFO - Scheduler started
2026-05-31 23:43:14,442 - INFO - ⏰ Database auto-backup scheduler started (Daily at 02:00)
2026-06-01 11:15:06,865 - INFO - --- 正在检查并创建表结构 ---
2026-06-01 11:15:07,449 - INFO - --- 正在自动校准数据库发号器 ---
2026-06-01 11:15:07,556 - INFO - ✅ 数据库发号器校准完成
2026-06-01 11:15:07,576 - INFO - Adding job tentatively -- it will be properly scheduled when the scheduler starts
2026-06-01 11:15:07,576 - INFO - Added job "perform_db_backup" to job store "default"
2026-06-01 11:15:07,577 - INFO - Scheduler started
2026-06-01 11:15:07,577 - INFO - ⏰ Database auto-backup scheduler started (Daily at 02:00)
2026-06-01 11:50:55,530 - INFO - Scheduler has been shut down
2026-06-01 12:02:45,084 - INFO - --- 正在检查并创建表结构 ---
2026-06-01 12:02:45,463 - INFO - --- 正在自动校准数据库发号器 ---
2026-06-01 12:02:45,560 - INFO - ✅ 数据库发号器校准完成
2026-06-01 12:02:45,575 - INFO - Adding job tentatively -- it will be properly scheduled when the scheduler starts
2026-06-01 12:02:45,575 - INFO - Added job "perform_db_backup" to job store "default"
2026-06-01 12:02:45,575 - INFO - Scheduler started
2026-06-01 12:02:45,575 - INFO - ⏰ Database auto-backup scheduler started (Daily at 02:00)
2026-06-01 12:03:33,837 - WARNING - ⚠️ Business Error at /api/v1/login/token-json: 400 - Incorrect password
2026-06-01 12:04:00,870 - WARNING - ❌ 422 Validation Error at /api/v1/user/update: user_in: Field required
2026-06-01 12:04:06,491 - WARNING - ❌ 422 Validation Error at /api/v1/user/update: user_in: Field required
2026-06-01 12:04:39,531 - INFO - Scheduler has been shut down
2026-06-01 12:04:40,934 - INFO - --- 正在检查并创建表结构 ---
2026-06-01 12:04:41,217 - INFO - --- 正在自动校准数据库发号器 ---
2026-06-01 12:04:41,238 - INFO - ✅ 数据库发号器校准完成
2026-06-01 12:04:41,254 - INFO - Adding job tentatively -- it will be properly scheduled when the scheduler starts
2026-06-01 12:04:41,255 - INFO - Added job "perform_db_backup" to job store "default"
2026-06-01 12:04:41,255 - INFO - Scheduler started
2026-06-01 12:04:41,255 - INFO - ⏰ Database auto-backup scheduler started (Daily at 02:00)
2026-06-01 12:04:50,352 - INFO - Scheduler has been shut down
2026-06-01 12:04:51,546 - INFO - --- 正在检查并创建表结构 ---
2026-06-01 12:04:51,610 - INFO - --- 正在自动校准数据库发号器 ---
2026-06-01 12:04:51,621 - INFO - ✅ 数据库发号器校准完成
2026-06-01 12:04:51,636 - INFO - Adding job tentatively -- it will be properly scheduled when the scheduler starts
2026-06-01 12:04:51,637 - INFO - Added job "perform_db_backup" to job store "default"
2026-06-01 12:04:51,637 - INFO - Scheduler started
2026-06-01 12:04:51,637 - INFO - ⏰ Database auto-backup scheduler started (Daily at 02:00)
2026-06-01 12:04:58,116 - INFO - Scheduler has been shut down
2026-06-01 12:04:59,238 - INFO - --- 正在检查并创建表结构 ---
2026-06-01 12:04:59,310 - INFO - --- 正在自动校准数据库发号器 ---
2026-06-01 12:04:59,324 - INFO - ✅ 数据库发号器校准完成
2026-06-01 12:04:59,339 - INFO - Adding job tentatively -- it will be properly scheduled when the scheduler starts
2026-06-01 12:04:59,339 - INFO - Added job "perform_db_backup" to job store "default"
2026-06-01 12:04:59,339 - INFO - Scheduler started
2026-06-01 12:04:59,339 - INFO - ⏰ Database auto-backup scheduler started (Daily at 02:00)
2026-06-01 12:05:21,897 - WARNING - ⚠️ Business Error at /api/v1/login/token-json: 400 - Incorrect username or email
2026-06-01 12:09:12,910 - INFO - Scheduler has been shut down
2026-06-01 12:09:14,403 - INFO - --- 正在检查并创建表结构 ---
2026-06-01 12:09:14,569 - INFO - --- 正在自动校准数据库发号器 ---
2026-06-01 12:09:14,587 - INFO - ✅ 数据库发号器校准完成
2026-06-01 12:09:14,602 - INFO - Adding job tentatively -- it will be properly scheduled when the scheduler starts
2026-06-01 12:09:14,602 - INFO - Added job "perform_db_backup" to job store "default"
2026-06-01 12:09:14,602 - INFO - Scheduler started
2026-06-01 12:09:14,602 - INFO - ⏰ Database auto-backup scheduler started (Daily at 02:00)
2026-06-01 12:11:04,543 - INFO - Scheduler has been shut down
2026-06-01 12:11:07,013 - INFO - --- 正在检查并创建表结构 ---
2026-06-01 12:11:07,179 - INFO - --- 正在自动校准数据库发号器 ---
2026-06-01 12:11:07,202 - INFO - ✅ 数据库发号器校准完成
2026-06-01 12:11:07,224 - INFO - Adding job tentatively -- it will be properly scheduled when the scheduler starts
2026-06-01 12:11:07,225 - INFO - Added job "perform_db_backup" to job store "default"
2026-06-01 12:11:07,225 - INFO - Scheduler started
2026-06-01 12:11:07,225 - INFO - ⏰ Database auto-backup scheduler started (Daily at 02:00)
2026-06-01 12:13:06,835 - INFO - Scheduler has been shut down
2026-06-01 12:13:08,830 - INFO - --- 正在检查并创建表结构 ---
2026-06-01 12:13:09,034 - INFO - --- 正在自动校准数据库发号器 ---
2026-06-01 12:13:09,071 - INFO - ✅ 数据库发号器校准完成
2026-06-01 12:13:09,089 - INFO - Adding job tentatively -- it will be properly scheduled when the scheduler starts
2026-06-01 12:13:09,089 - INFO - Added job "perform_db_backup" to job store "default"
2026-06-01 12:13:09,089 - INFO - Scheduler started
2026-06-01 12:13:09,089 - INFO - ⏰ Database auto-backup scheduler started (Daily at 02:00)
2026-06-01 12:14:19,825 - WARNING - ⚠️ Business Error at /api/v1/user/: 403 - Permission denied: Admin access required
2026-06-01 12:14:19,832 - WARNING - ⚠️ Business Error at /api/v1/user/: 403 - Permission denied: Admin access required
2026-06-01 12:16:30,630 - INFO - Scheduler has been shut down
2026-06-01 12:16:32,166 - INFO - --- 正在检查并创建表结构 ---
2026-06-01 12:16:32,425 - INFO - --- 正在自动校准数据库发号器 ---
2026-06-01 12:16:32,444 - INFO - ✅ 数据库发号器校准完成
2026-06-01 12:16:32,461 - INFO - Adding job tentatively -- it will be properly scheduled when the scheduler starts
2026-06-01 12:16:32,461 - INFO - Added job "perform_db_backup" to job store "default"
2026-06-01 12:16:32,461 - INFO - Scheduler started
2026-06-01 12:16:32,461 - INFO - ⏰ Database auto-backup scheduler started (Daily at 02:00)
2026-06-01 12:16:44,788 - INFO - Scheduler has been shut down
2026-06-01 12:16:46,270 - INFO - --- 正在检查并创建表结构 ---
2026-06-01 12:16:46,338 - INFO - --- 正在自动校准数据库发号器 ---
2026-06-01 12:16:46,354 - INFO - ✅ 数据库发号器校准完成
2026-06-01 12:16:46,368 - INFO - Adding job tentatively -- it will be properly scheduled when the scheduler starts
2026-06-01 12:16:46,368 - INFO - Added job "perform_db_backup" to job store "default"
2026-06-01 12:16:46,368 - INFO - Scheduler started
2026-06-01 12:16:46,369 - INFO - ⏰ Database auto-backup scheduler started (Daily at 02:00)
2026-06-01 14:56:20,681 - INFO - --- 正在检查并创建表结构 ---
2026-06-01 14:56:22,913 - INFO - --- 正在自动校准数据库发号器 ---
2026-06-01 14:56:23,282 - INFO - ✅ 数据库发号器校准完成
2026-06-01 14:56:23,393 - INFO - Adding job tentatively -- it will be properly scheduled when the scheduler starts
2026-06-01 14:56:23,395 - INFO - Added job "perform_db_backup" to job store "default"
2026-06-01 14:56:23,395 - INFO - Scheduler started
2026-06-01 14:56:23,402 - INFO - ⏰ Database auto-backup scheduler started (Daily at 02:00)
2026-06-01 14:58:55,392 - INFO - Scheduler has been shut down
2026-06-01 14:58:59,704 - INFO - --- 正在检查并创建表结构 ---
2026-06-01 14:59:00,421 - INFO - --- 正在自动校准数据库发号器 ---
2026-06-01 14:59:00,782 - INFO - ✅ 数据库发号器校准完成
2026-06-01 14:59:00,937 - INFO - Adding job tentatively -- it will be properly scheduled when the scheduler starts
2026-06-01 14:59:00,938 - INFO - Added job "perform_db_backup" to job store "default"
2026-06-01 14:59:00,938 - INFO - Scheduler started
2026-06-01 14:59:00,939 - INFO - ⏰ Database auto-backup scheduler started (Daily at 02:00)
2026-06-01 14:59:50,297 - INFO - Scheduler has been shut down
2026-06-01 15:36:20,059 - INFO - --- 正在检查并创建表结构 ---
2026-06-01 15:36:20,624 - INFO - --- 正在自动校准数据库发号器 ---
2026-06-01 15:36:20,907 - INFO - ✅ 数据库发号器校准完成
2026-06-01 15:36:20,948 - INFO - Adding job tentatively -- it will be properly scheduled when the scheduler starts
2026-06-01 15:36:20,949 - INFO - Added job "perform_db_backup" to job store "default"
2026-06-01 15:36:20,949 - INFO - Scheduler started
2026-06-01 15:36:20,949 - INFO - ⏰ Database auto-backup scheduler started (Daily at 02:00)
2026-06-01 15:37:11,294 - INFO - Scheduler has been shut down
2026-06-01 15:39:09,901 - INFO - --- 正在检查并创建表结构 ---
2026-06-01 15:39:10,232 - INFO - --- 正在自动校准数据库发号器 ---
2026-06-01 15:39:10,280 - INFO - ✅ 数据库发号器校准完成
2026-06-01 15:39:10,326 - INFO - Adding job tentatively -- it will be properly scheduled when the scheduler starts
2026-06-01 15:39:10,326 - INFO - Added job "perform_db_backup" to job store "default"
2026-06-01 15:39:10,327 - INFO - Scheduler started
2026-06-01 15:39:10,327 - INFO - ⏰ Database auto-backup scheduler started (Daily at 02:00)
2026-06-01 15:40:45,965 - INFO - Scheduler has been shut down
2026-06-01 15:41:16,071 - INFO - --- 正在检查并创建表结构 ---
2026-06-01 15:41:18,206 - INFO - --- 正在自动校准数据库发号器 ---
2026-06-01 15:41:18,498 - INFO - ✅ 数据库发号器校准完成
2026-06-01 15:41:19,039 - INFO - Adding job tentatively -- it will be properly scheduled when the scheduler starts
2026-06-01 15:41:19,045 - INFO - Added job "perform_db_backup" to job store "default"
2026-06-01 15:41:19,046 - INFO - Scheduler started
2026-06-01 15:41:19,053 - INFO - ⏰ Database auto-backup scheduler started (Daily at 02:00)
2026-06-01 15:45:55,296 - INFO - Scheduler has been shut down
2026-06-01 15:45:59,131 - INFO - --- 启动中：检查数据库与序列 ---
2026-06-01 15:46:02,586 - INFO - ✅ 数据库准备就绪
2026-06-01 15:46:03,211 - INFO - Adding job tentatively -- it will be properly scheduled when the scheduler starts
2026-06-01 15:46:03,212 - INFO - Added job "perform_db_backup" to job store "default"
2026-06-01 15:46:03,212 - INFO - Scheduler started
2026-06-01 15:50:28,424 - INFO - --- 启动中：检查数据库与序列 ---
2026-06-01 15:50:28,886 - INFO - ✅ 数据库准备就绪
2026-06-01 15:50:28,922 - INFO - Adding job tentatively -- it will be properly scheduled when the scheduler starts
2026-06-01 15:50:28,922 - INFO - Added job "perform_db_backup" to job store "default"
2026-06-01 15:50:28,922 - INFO - Scheduler started
2026-06-01 15:52:50,396 - INFO - Scheduler has been shut down
2026-06-01 17:00:23,225 - INFO - 🚀 SHS Backend Starting...
2026-06-01 17:00:23,898 - INFO - ✅ Database ready.
2026-06-01 17:00:23,924 - INFO - Adding job tentatively -- it will be properly scheduled when the scheduler starts
2026-06-01 17:00:23,924 - INFO - Added job "perform_db_backup" to job store "default"
2026-06-01 17:00:23,924 - INFO - Scheduler started
2026-06-01 17:18:23,482 - INFO - 🚀 SHS Backend Starting...
2026-06-01 17:18:25,200 - INFO - ✅ Database ready.
2026-06-01 17:18:25,244 - INFO - Adding job tentatively -- it will be properly scheduled when the scheduler starts
2026-06-01 17:18:25,245 - INFO - Added job "perform_db_backup" to job store "default"
2026-06-01 17:18:25,245 - INFO - Scheduler started
2026-06-01 17:23:31,365 - INFO - Scheduler has been shut down
2026-06-01 17:23:41,447 - INFO - 🚀 SHS Backend Starting...
2026-06-01 17:23:42,767 - INFO - ✅ Database ready.
2026-06-01 17:23:42,965 - INFO - Adding job tentatively -- it will be properly scheduled when the scheduler starts
2026-06-01 17:23:42,966 - INFO - Added job "perform_db_backup" to job store "default"
2026-06-01 17:23:42,966 - INFO - Scheduler started
2026-06-01 17:28:13,317 - INFO - Scheduler has been shut down
2026-06-01 17:30:10,650 - INFO - 🚀 SHS Backend Starting...
2026-06-01 17:30:12,457 - INFO - ✅ Database ready.
2026-06-01 17:30:12,573 - INFO - Adding job tentatively -- it will be properly scheduled when the scheduler starts
2026-06-01 17:30:12,573 - INFO - Added job "perform_db_backup" to job store "default"
2026-06-01 17:30:12,573 - INFO - Scheduler started
2026-06-01 18:35:42,578 - INFO - Scheduler has been shut down
2026-06-01 18:35:43,832 - INFO - 🚀 SHS Backend Starting...
2026-06-01 18:35:44,211 - INFO - ✅ Database ready.
2026-06-01 18:35:44,239 - INFO - Adding job tentatively -- it will be properly scheduled when the scheduler starts
2026-06-01 18:35:44,239 - INFO - Added job "perform_db_backup" to job store "default"
2026-06-01 18:35:44,239 - INFO - Scheduler started
2026-06-01 18:44:06,890 - INFO - Scheduler has been shut down
2026-06-01 18:44:12,334 - INFO - 🚀 SHS Backend Starting...
2026-06-01 18:44:12,625 - INFO - ✅ Database ready.
2026-06-01 18:44:12,659 - INFO - Adding job tentatively -- it will be properly scheduled when the scheduler starts
2026-06-01 18:44:12,659 - INFO - Added job "perform_db_backup" to job store "default"
2026-06-01 18:44:12,660 - INFO - Scheduler started
2026-06-01 18:58:12,047 - INFO - Scheduler has been shut down
2026-06-01 18:58:15,324 - INFO - 🚀 SHS Backend Starting...
2026-06-01 18:58:15,707 - INFO - ✅ Database ready.
2026-06-01 18:58:15,726 - INFO - Adding job tentatively -- it will be properly scheduled when the scheduler starts
2026-06-01 18:58:15,726 - INFO - Added job "perform_db_backup" to job store "default"
2026-06-01 18:58:15,726 - INFO - Scheduler started
2026-06-01 18:58:15,828 - INFO - Scheduler has been shut down
2026-06-01 18:58:16,876 - INFO - 🚀 SHS Backend Starting...
2026-06-01 18:58:16,957 - INFO - ✅ Database ready.
2026-06-01 18:58:16,968 - INFO - Adding job tentatively -- it will be properly scheduled when the scheduler starts
2026-06-01 18:58:16,968 - INFO - Added job "perform_db_backup" to job store "default"
2026-06-01 18:58:16,968 - INFO - Scheduler started
2026-06-01 18:58:40,730 - INFO - Scheduler has been shut down
2026-06-01 19:13:23,892 - INFO - 🚀 SHS Backend Starting...
2026-06-01 19:13:24,026 - INFO - ✅ Database ready.
2026-06-01 19:13:24,043 - INFO - Adding job tentatively -- it will be properly scheduled when the scheduler starts
2026-06-01 19:13:24,043 - INFO - Added job "perform_db_backup" to job store "default"
2026-06-01 19:13:24,043 - INFO - Scheduler started
2026-06-01 20:07:19,029 - INFO - 🚀 SHS Backend Starting...
2026-06-01 20:07:19,199 - ERROR - ❌ Startup error: (psycopg2.OperationalError) connection to server at "localhost" (127.0.0.1), port 5432 failed: Connection refused
	Is the server running on that host and accepting TCP/IP connections?
connection to server at "localhost" (::1), port 5432 failed: Connection refused
	Is the server running on that host and accepting TCP/IP connections?

(Background on this error at: https://sqlalche.me/e/20/e3q8)
2026-06-01 20:07:19,223 - INFO - Adding job tentatively -- it will be properly scheduled when the scheduler starts
2026-06-01 20:07:19,223 - INFO - Added job "perform_db_backup" to job store "default"
2026-06-01 20:07:19,223 - INFO - Scheduler started
2026-06-01 20:14:02,696 - INFO - Scheduler has been shut down
2026-06-01 20:14:06,418 - INFO - 🚀 SHS Backend Starting...
2026-06-01 20:14:07,238 - INFO - ✅ Database ready.
2026-06-01 20:14:07,440 - INFO - Adding job tentatively -- it will be properly scheduled when the scheduler starts
2026-06-01 20:14:07,442 - INFO - Added job "perform_db_backup" to job store "default"
2026-06-01 20:14:07,442 - INFO - Scheduler started
2026-06-01 20:26:06,554 - INFO - Scheduler has been shut down
2026-06-01 20:26:12,788 - INFO - 🚀 SHS Backend Starting...
2026-06-01 20:26:13,311 - INFO - ✅ Database ready and sequences synced.
2026-06-01 20:26:13,416 - INFO - Adding job tentatively -- it will be properly scheduled when the scheduler starts
2026-06-01 20:26:13,419 - INFO - Added job "perform_db_backup" to job store "default"
2026-06-01 20:26:13,419 - INFO - Scheduler started
2026-06-01 20:26:50,691 - INFO - Scheduler has been shut down
2026-06-01 20:27:03,598 - INFO - 🚀 SHS Backend Starting...
2026-06-01 20:27:04,355 - INFO - ✅ Database ready and sequences synced.
2026-06-01 20:27:04,461 - INFO - Adding job tentatively -- it will be properly scheduled when the scheduler starts
2026-06-01 20:27:04,462 - INFO - Added job "perform_db_backup" to job store "default"
2026-06-01 20:27:04,462 - INFO - Scheduler started
2026-06-01 20:32:46,195 - INFO - Scheduler has been shut down
2026-06-01 20:32:47,696 - INFO - 🚀 SHS Backend Starting...
2026-06-01 20:32:47,913 - INFO - ✅ Database ready and sequences synced.
2026-06-01 20:32:47,929 - INFO - Adding job tentatively -- it will be properly scheduled when the scheduler starts
2026-06-01 20:32:47,930 - INFO - Added job "perform_db_backup" to job store "default"
2026-06-01 20:32:47,930 - INFO - Scheduler started
2026-06-01 20:33:30,856 - INFO - Scheduler has been shut down
2026-06-01 20:39:37,572 - INFO - 🚀 SHS Backend Starting...
2026-06-01 20:39:37,821 - INFO - ✅ Database ready and sequences synced.
2026-06-01 20:39:37,842 - INFO - Adding job tentatively -- it will be properly scheduled when the scheduler starts
2026-06-01 20:39:37,842 - INFO - Added job "perform_db_backup" to job store "default"
2026-06-01 20:39:37,842 - INFO - Scheduler started
2026-06-01 20:45:07,333 - INFO - Scheduler has been shut down
2026-06-01 20:46:13,933 - INFO - 🚀 SHS Backend Starting...
2026-06-01 20:46:14,975 - INFO - ✅ Database ready and sequences synced.
2026-06-01 20:46:15,136 - INFO - Adding job tentatively -- it will be properly scheduled when the scheduler starts
2026-06-01 20:46:15,136 - INFO - Added job "perform_db_backup" to job store "default"
2026-06-01 20:46:15,137 - INFO - Scheduler started
2026-06-01 22:01:03,061 - INFO - Scheduler has been shut down
2026-06-01 22:01:33,977 - INFO - 🚀 SHS Backend Starting...
2026-06-01 22:01:34,076 - INFO - ✅ Database ready and sequences synced.
2026-06-01 22:01:34,097 - INFO - Adding job tentatively -- it will be properly scheduled when the scheduler starts
2026-06-01 22:01:34,098 - INFO - Added job "perform_db_backup" to job store "default"
2026-06-01 22:01:34,098 - INFO - Scheduler started
2026-06-01 22:43:44,643 - INFO - Scheduler has been shut down
2026-06-01 22:57:20,830 - INFO - 🚀 SHS Backend Starting...
2026-06-01 22:57:21,368 - INFO - ✅ Database ready and sequences synced.
2026-06-01 22:57:21,422 - INFO - Adding job tentatively -- it will be properly scheduled when the scheduler starts
2026-06-01 22:57:21,423 - INFO - Added job "perform_db_backup" to job store "default"
2026-06-01 22:57:21,423 - INFO - Scheduler started
2026-06-01 23:01:19,855 - INFO - 🚀 SHS Backend Starting...
2026-06-01 23:01:20,865 - INFO - ✅ Database ready and sequences synced.
2026-06-01 23:01:21,021 - INFO - Adding job tentatively -- it will be properly scheduled when the scheduler starts
2026-06-01 23:01:21,022 - INFO - Added job "perform_db_backup" to job store "default"
2026-06-01 23:01:21,022 - INFO - Scheduler started
2026-06-01 23:46:46,288 - INFO - Scheduler has been shut down
2026-06-01 23:47:09,720 - INFO - 🚀 SHS Backend Starting...
2026-06-01 23:47:09,951 - INFO - ✅ Database ready and sequences synced.
2026-06-01 23:47:10,042 - INFO - Adding job tentatively -- it will be properly scheduled when the scheduler starts
2026-06-01 23:47:10,042 - INFO - Added job "perform_db_backup" to job store "default"
2026-06-01 23:47:10,043 - INFO - Scheduler started
2026-06-02 09:51:28,091 - INFO - 🚀 SHS Backend Starting...
2026-06-02 09:51:28,493 - INFO - ✅ Database ready and sequences synced.
2026-06-02 09:51:28,524 - INFO - Adding job tentatively -- it will be properly scheduled when the scheduler starts
2026-06-02 09:51:28,524 - INFO - Added job "perform_db_backup" to job store "default"
2026-06-02 09:51:28,524 - INFO - Scheduler started
2026-06-02 09:57:06,120 - INFO - Scheduler has been shut down
2026-06-02 09:59:42,915 - INFO - 🚀 SHS Backend Starting...
2026-06-02 09:59:43,329 - INFO - ✅ Database ready and sequences synced.
2026-06-02 09:59:43,409 - INFO - Adding job tentatively -- it will be properly scheduled when the scheduler starts
2026-06-02 09:59:43,412 - INFO - Added job "perform_db_backup" to job store "default"
2026-06-02 09:59:43,412 - INFO - Scheduler started
2026-06-02 10:27:10,407 - INFO - Scheduler has been shut down
2026-06-02 16:22:32,018 - INFO - 🚀 SHS Backend Starting...
2026-06-02 16:22:32,999 - INFO - ✅ Database ready and sequences synced.
2026-06-02 16:22:33,040 - INFO - Adding job tentatively -- it will be properly scheduled when the scheduler starts
2026-06-02 16:22:33,040 - INFO - Added job "perform_db_backup" to job store "default"
2026-06-02 16:22:33,040 - INFO - Scheduler started
2026-06-05 09:24:50,692 - INFO - 🚀 SHS Backend Starting...
2026-06-05 09:24:51,050 - ERROR - ❌ Startup error: (psycopg2.OperationalError) connection to server at "localhost" (::1), port 5432 failed: Connection refused
	Is the server running on that host and accepting TCP/IP connections?
connection to server at "localhost" (127.0.0.1), port 5432 failed: Connection refused
	Is the server running on that host and accepting TCP/IP connections?

(Background on this error at: https://sqlalche.me/e/20/e3q8)
2026-06-05 09:24:51,089 - INFO - Adding job tentatively -- it will be properly scheduled when the scheduler starts
2026-06-05 09:24:51,089 - INFO - Added job "perform_db_backup" to job store "default"
2026-06-05 09:24:51,089 - INFO - Scheduler started
2026-06-08 11:44:44,956 - INFO - 🚀 SHS Backend Starting...
2026-06-08 11:44:45,900 - INFO - ✅ Database ready and sequences synced.
2026-06-08 11:44:45,943 - INFO - Adding job tentatively -- it will be properly scheduled when the scheduler starts
2026-06-08 11:44:45,943 - INFO - Added job "perform_db_backup" to job store "default"
2026-06-08 11:44:45,943 - INFO - Scheduler started
2026-06-10 15:04:49,366 - INFO - 🚀 SHS Backend Starting...
2026-06-10 15:04:49,522 - INFO - ✅ Database ready and sequences synced.
2026-06-10 15:04:49,535 - INFO - Adding job tentatively -- it will be properly scheduled when the scheduler starts
2026-06-10 15:04:49,535 - INFO - Added job "perform_db_backup" to job store "default"
2026-06-10 15:04:49,535 - INFO - Scheduler started
2026-06-10 23:56:29,619 - INFO - 🚀 SHS Backend Starting...
2026-06-10 23:56:29,735 - INFO - ✅ Database ready and sequences synced.
2026-06-10 23:56:29,751 - INFO - Adding job tentatively -- it will be properly scheduled when the scheduler starts
2026-06-10 23:56:29,752 - INFO - Added job "perform_db_backup" to job store "default"
2026-06-10 23:56:29,752 - INFO - Scheduler started
2026-06-11 08:54:41,258 - INFO - 🚀 SHS Backend Starting...
2026-06-11 08:54:41,476 - ERROR - ❌ Startup error: (psycopg2.OperationalError) connection to server at "localhost" (::1), port 5432 failed: Connection refused
	Is the server running on that host and accepting TCP/IP connections?
connection to server at "localhost" (127.0.0.1), port 5432 failed: Connection refused
	Is the server running on that host and accepting TCP/IP connections?

(Background on this error at: https://sqlalche.me/e/20/e3q8)
2026-06-11 08:54:41,491 - INFO - Adding job tentatively -- it will be properly scheduled when the scheduler starts
2026-06-11 08:54:41,491 - INFO - Added job "perform_db_backup" to job store "default"
2026-06-11 08:54:41,491 - INFO - Scheduler started
2026-06-11 08:55:48,179 - INFO - Scheduler has been shut down
2026-06-11 08:56:33,305 - INFO - 🚀 SHS Backend Starting...
2026-06-11 08:56:33,536 - INFO - ✅ Database ready and sequences synced.
2026-06-11 08:56:33,549 - INFO - Adding job tentatively -- it will be properly scheduled when the scheduler starts
2026-06-11 08:56:33,549 - INFO - Added job "perform_db_backup" to job store "default"
2026-06-11 08:56:33,549 - INFO - Scheduler started
2026-06-11 09:02:39,844 - INFO - Scheduler has been shut down
2026-06-11 09:03:06,658 - INFO - 🚀 SHS Backend Starting...
2026-06-11 09:03:06,723 - INFO - ✅ Database ready and sequences synced.
2026-06-11 09:03:06,737 - INFO - Adding job tentatively -- it will be properly scheduled when the scheduler starts
2026-06-11 09:03:06,737 - INFO - Added job "perform_db_backup" to job store "default"
2026-06-11 09:03:06,738 - INFO - Scheduler started
2026-06-11 12:08:57,065 - INFO - Scheduler has been shut down
2026-06-11 12:08:59,899 - INFO - 🚀 SHS Backend Starting...
2026-06-11 12:09:00,317 - INFO - ✅ Database ready and sequences synced.
2026-06-11 12:09:00,333 - INFO - Adding job tentatively -- it will be properly scheduled when the scheduler starts
2026-06-11 12:09:00,334 - INFO - Added job "perform_db_backup" to job store "default"
2026-06-11 12:09:00,334 - INFO - Scheduler started
2026-06-11 12:09:07,105 - INFO - Scheduler has been shut down
2026-06-11 12:09:08,257 - INFO - 🚀 SHS Backend Starting...
2026-06-11 12:09:08,330 - INFO - ✅ Database ready and sequences synced.
2026-06-11 12:09:08,346 - INFO - Adding job tentatively -- it will be properly scheduled when the scheduler starts
2026-06-11 12:09:08,346 - INFO - Added job "perform_db_backup" to job store "default"
2026-06-11 12:09:08,346 - INFO - Scheduler started
2026-06-11 12:09:14,209 - INFO - Scheduler has been shut down
2026-06-11 12:09:15,271 - INFO - 🚀 SHS Backend Starting...
2026-06-11 12:09:15,353 - INFO - ✅ Database ready and sequences synced.
2026-06-11 12:09:15,369 - INFO - Adding job tentatively -- it will be properly scheduled when the scheduler starts
2026-06-11 12:09:15,369 - INFO - Added job "perform_db_backup" to job store "default"
2026-06-11 12:09:15,369 - INFO - Scheduler started
2026-06-11 12:18:33,064 - INFO - Scheduler has been shut down
2026-06-11 12:18:34,457 - INFO - 🚀 SHS Backend Starting...
2026-06-11 12:18:34,598 - INFO - ✅ Database ready and sequences synced.
2026-06-11 12:18:34,614 - INFO - Adding job tentatively -- it will be properly scheduled when the scheduler starts
2026-06-11 12:18:34,614 - INFO - Added job "perform_db_backup" to job store "default"
2026-06-11 12:18:34,614 - INFO - Scheduler started
2026-06-11 12:18:42,415 - INFO - Scheduler has been shut down
2026-06-11 12:18:43,773 - INFO - 🚀 SHS Backend Starting...
2026-06-11 12:18:43,870 - INFO - ✅ Database ready and sequences synced.
2026-06-11 12:18:43,886 - INFO - Adding job tentatively -- it will be properly scheduled when the scheduler starts
2026-06-11 12:18:43,886 - INFO - Added job "perform_db_backup" to job store "default"
2026-06-11 12:18:43,886 - INFO - Scheduler started
2026-06-11 12:19:47,497 - INFO - Scheduler has been shut down
2026-06-11 12:19:48,646 - INFO - 🚀 SHS Backend Starting...
2026-06-11 12:19:48,734 - INFO - ✅ Database ready and sequences synced.
2026-06-11 12:19:48,749 - INFO - Adding job tentatively -- it will be properly scheduled when the scheduler starts
2026-06-11 12:19:48,750 - INFO - Added job "perform_db_backup" to job store "default"
2026-06-11 12:19:48,750 - INFO - Scheduler started
2026-06-11 12:20:28,063 - INFO - Scheduler has been shut down
2026-06-11 12:20:29,218 - INFO - 🚀 SHS Backend Starting...
2026-06-11 12:20:29,304 - INFO - ✅ Database ready and sequences synced.
2026-06-11 12:20:29,320 - INFO - Adding job tentatively -- it will be properly scheduled when the scheduler starts
2026-06-11 12:20:29,320 - INFO - Added job "perform_db_backup" to job store "default"
2026-06-11 12:20:29,321 - INFO - Scheduler started
2026-06-11 12:21:48,422 - INFO - Scheduler has been shut down
2026-06-11 12:21:49,604 - INFO - 🚀 SHS Backend Starting...
2026-06-11 12:21:49,693 - INFO - ✅ Database ready and sequences synced.
2026-06-11 12:21:49,711 - INFO - Adding job tentatively -- it will be properly scheduled when the scheduler starts
2026-06-11 12:21:49,711 - INFO - Added job "perform_db_backup" to job store "default"
2026-06-11 12:21:49,712 - INFO - Scheduler started
2026-06-11 12:27:51,128 - INFO - Scheduler has been shut down
2026-06-11 12:27:52,527 - INFO - 🚀 SHS Backend Starting...
2026-06-11 12:27:52,739 - INFO - ✅ Database ready and sequences synced.
2026-06-11 12:27:52,756 - INFO - Adding job tentatively -- it will be properly scheduled when the scheduler starts
2026-06-11 12:27:52,756 - INFO - Added job "perform_db_backup" to job store "default"
2026-06-11 12:27:52,756 - INFO - Scheduler started
2026-06-11 12:27:59,334 - INFO - Scheduler has been shut down
2026-06-11 12:28:00,436 - INFO - 🚀 SHS Backend Starting...
2026-06-11 12:28:00,521 - INFO - ✅ Database ready and sequences synced.
2026-06-11 12:28:00,539 - INFO - Adding job tentatively -- it will be properly scheduled when the scheduler starts
2026-06-11 12:28:00,539 - INFO - Added job "perform_db_backup" to job store "default"
2026-06-11 12:28:00,539 - INFO - Scheduler started
2026-06-11 12:29:45,494 - INFO - Scheduler has been shut down
2026-06-11 12:29:46,648 - INFO - 🚀 SHS Backend Starting...
2026-06-11 12:29:46,744 - INFO - ✅ Database ready and sequences synced.
2026-06-11 12:29:46,760 - INFO - Adding job tentatively -- it will be properly scheduled when the scheduler starts
2026-06-11 12:29:46,761 - INFO - Added job "perform_db_backup" to job store "default"
2026-06-11 12:29:46,761 - INFO - Scheduler started
2026-06-11 12:29:49,388 - INFO - Scheduler has been shut down
2026-06-11 12:29:50,369 - INFO - 🚀 SHS Backend Starting...
2026-06-11 12:29:50,454 - INFO - ✅ Database ready and sequences synced.
2026-06-11 12:29:50,465 - INFO - Adding job tentatively -- it will be properly scheduled when the scheduler starts
2026-06-11 12:29:50,466 - INFO - Added job "perform_db_backup" to job store "default"
2026-06-11 12:29:50,466 - INFO - Scheduler started
2026-06-11 21:26:03,143 - INFO - Scheduler has been shut down
2026-06-11 21:26:04,557 - INFO - 🚀 SHS Backend Starting...
2026-06-11 21:26:04,926 - INFO - ✅ Database ready and sequences synced.
2026-06-11 21:26:04,942 - INFO - Adding job tentatively -- it will be properly scheduled when the scheduler starts
2026-06-11 21:26:04,942 - INFO - Added job "perform_db_backup" to job store "default"
2026-06-11 21:26:04,942 - INFO - Scheduler started
2026-06-11 21:26:17,063 - INFO - Scheduler has been shut down
2026-06-11 21:26:18,147 - INFO - 🚀 SHS Backend Starting...
2026-06-11 21:26:18,226 - INFO - ✅ Database ready and sequences synced.
2026-06-11 21:26:18,240 - INFO - Adding job tentatively -- it will be properly scheduled when the scheduler starts
2026-06-11 21:26:18,240 - INFO - Added job "perform_db_backup" to job store "default"
2026-06-11 21:26:18,240 - INFO - Scheduler started
2026-06-11 21:37:44,696 - INFO - Scheduler has been shut down
2026-06-11 21:37:46,050 - INFO - 🚀 SHS Backend Starting...
2026-06-11 21:37:46,266 - INFO - ✅ Database ready and sequences synced.
2026-06-11 21:37:46,281 - INFO - Adding job tentatively -- it will be properly scheduled when the scheduler starts
2026-06-11 21:37:46,281 - INFO - Added job "perform_db_backup" to job store "default"
2026-06-11 21:37:46,281 - INFO - Scheduler started
2026-06-11 21:40:22,336 - INFO - Scheduler has been shut down
2026-06-11 21:40:23,652 - INFO - 🚀 SHS Backend Starting...
2026-06-11 21:40:23,832 - INFO - ✅ Database ready and sequences synced.
2026-06-11 21:40:23,848 - INFO - Adding job tentatively -- it will be properly scheduled when the scheduler starts
2026-06-11 21:40:23,848 - INFO - Added job "perform_db_backup" to job store "default"
2026-06-11 21:40:23,848 - INFO - Scheduler started
2026-06-12 09:47:07,740 - WARNING - Run time of job "perform_db_backup (trigger: cron[hour='2', minute='0'], next run at: 2026-06-13 02:00:00 CST)" was missed by 7:47:07.730301
2026-06-14 09:36:47,334 - WARNING - Run time of job "perform_db_backup (trigger: cron[hour='2', minute='0'], next run at: 2026-06-15 02:00:00 CST)" was missed by 7:36:47.325695
2026-06-29 15:25:40,650 - INFO - 🚀 SHS Backend Starting...
2026-06-29 15:25:40,969 - INFO - ✅ Database ready and sequences synced.
2026-06-29 15:25:40,986 - INFO - Adding job tentatively -- it will be properly scheduled when the scheduler starts
2026-06-29 15:25:40,986 - INFO - Added job "perform_db_backup" to job store "default"
2026-06-29 15:25:40,986 - INFO - Scheduler started
2026-06-29 15:42:12,826 - INFO - Scheduler has been shut down
2026-06-29 15:43:25,950 - INFO - 🚀 SHS Backend Starting...
2026-06-29 15:43:26,036 - INFO - ✅ Database ready and sequences synced.
2026-06-29 15:43:26,051 - INFO - Adding job tentatively -- it will be properly scheduled when the scheduler starts
2026-06-29 15:43:26,051 - INFO - Added job "perform_db_backup" to job store "default"
2026-06-29 15:43:26,052 - INFO - Scheduler started
2026-06-29 15:44:29,719 - INFO - Scheduler has been shut down
2026-06-29 15:44:31,126 - INFO - 🚀 SHS Backend Starting...
2026-06-29 15:44:31,362 - INFO - ✅ Database ready and sequences synced.
2026-06-29 15:44:31,378 - INFO - Adding job tentatively -- it will be properly scheduled when the scheduler starts
2026-06-29 15:44:31,378 - INFO - Added job "perform_db_backup" to job store "default"
2026-06-29 15:44:31,378 - INFO - Scheduler started
2026-06-29 15:51:27,707 - INFO - 🚀 SHS Backend Starting...
2026-06-29 15:51:27,849 - INFO - ✅ Database ready and sequences synced.
2026-06-29 15:51:27,868 - INFO - Adding job tentatively -- it will be properly scheduled when the scheduler starts
2026-06-29 15:51:27,868 - INFO - Added job "perform_db_backup" to job store "default"
2026-06-29 15:51:27,868 - INFO - Scheduler started
2026-06-29 15:51:54,118 - INFO - Scheduler has been shut down
2026-06-29 15:51:55,370 - INFO - 🚀 SHS Backend Starting...
2026-06-29 15:51:55,579 - INFO - ✅ Database ready and sequences synced.
2026-06-29 15:51:55,605 - INFO - Adding job tentatively -- it will be properly scheduled when the scheduler starts
2026-06-29 15:51:55,606 - INFO - Added job "perform_db_backup" to job store "default"
2026-06-29 15:51:55,606 - INFO - Scheduler started
2026-06-29 16:00:29,651 - INFO - 🚀 SHS Backend Starting...
2026-06-29 16:00:29,777 - INFO - ✅ Database ready and sequences synced.
2026-06-29 16:00:29,796 - INFO - Adding job tentatively -- it will be properly scheduled when the scheduler starts
2026-06-29 16:00:29,796 - INFO - Added job "perform_db_backup" to job store "default"
2026-06-29 16:00:29,796 - INFO - Scheduler started
2026-06-29 16:04:00,600 - INFO - Scheduler has been shut down
2026-06-29 16:04:02,090 - INFO - 🚀 SHS Backend Starting...
2026-06-29 16:04:02,366 - INFO - ✅ Database ready and sequences synced.
2026-06-29 16:04:02,384 - INFO - Adding job tentatively -- it will be properly scheduled when the scheduler starts
2026-06-29 16:04:02,384 - INFO - Added job "perform_db_backup" to job store "default"
2026-06-29 16:04:02,384 - INFO - Scheduler started
2026-06-29 16:10:07,005 - INFO - 🚀 SHS Backend Starting...
2026-06-29 16:10:07,086 - INFO - ✅ Database ready and sequences synced.
2026-06-29 16:10:07,099 - INFO - Adding job tentatively -- it will be properly scheduled when the scheduler starts
2026-06-29 16:10:07,100 - INFO - Added job "perform_db_backup" to job store "default"
2026-06-29 16:10:07,100 - INFO - Scheduler started
2026-06-29 16:10:31,761 - INFO - Starting legacy migration: Cleaning business tables...
2026-06-29 16:12:50,469 - INFO - 🚀 SHS Backend Starting...
2026-06-29 16:12:50,588 - INFO - ✅ Database ready and sequences synced.
2026-06-29 16:12:50,610 - INFO - Adding job tentatively -- it will be properly scheduled when the scheduler starts
2026-06-29 16:12:50,611 - INFO - Added job "perform_db_backup" to job store "default"
2026-06-29 16:12:50,611 - INFO - Scheduler started
2026-06-29 16:13:23,974 - INFO - Scheduler has been shut down
2026-06-29 16:13:35,373 - INFO - 🚀 SHS Backend Starting...
2026-06-29 16:13:35,434 - INFO - ✅ Database ready and sequences synced.
2026-06-29 16:13:35,448 - INFO - Adding job tentatively -- it will be properly scheduled when the scheduler starts
2026-06-29 16:13:35,448 - INFO - Added job "perform_db_backup" to job store "default"
2026-06-29 16:13:35,448 - INFO - Scheduler started
2026-06-29 16:14:03,429 - INFO - Starting legacy migration: Cleaning business tables...
2026-06-29 16:18:41,485 - INFO - 🚀 SHS Backend Starting...
2026-06-29 16:18:41,611 - INFO - ✅ Database ready and sequences synced.
2026-06-29 16:18:41,635 - INFO - Adding job tentatively -- it will be properly scheduled when the scheduler starts
2026-06-29 16:18:41,635 - INFO - Added job "perform_db_backup" to job store "default"
2026-06-29 16:18:41,635 - INFO - Scheduler started
2026-06-29 16:19:11,645 - INFO - Starting legacy migration: Cleaning business tables...
2026-06-29 16:24:11,298 - INFO - 🚀 SHS Backend Starting...
2026-06-29 16:24:11,567 - INFO - ✅ Database ready and sequences synced.
2026-06-29 16:24:11,584 - INFO - Adding job tentatively -- it will be properly scheduled when the scheduler starts
2026-06-29 16:24:11,584 - INFO - Added job "perform_db_backup" to job store "default"
2026-06-29 16:24:11,584 - INFO - Scheduler started
2026-06-29 16:24:44,176 - INFO - Starting legacy migration: Gentle data cleaning...
2026-06-29 16:24:44,211 - INFO - Legacy data cleaned gently.
2026-06-29 16:24:44,248 - INFO - Migrating POS machines...
2026-06-29 16:24:44,258 - INFO - Migrating customers...
2026-06-29 16:24:44,363 - INFO - Migrating transaction logs (Batch mode)...
2026-06-29 16:24:44,477 - INFO - Processed 500 transactions...
2026-06-29 16:24:44,528 - INFO - Processed 1000 transactions...
2026-06-29 16:24:44,567 - INFO - Processed 1500 transactions...
2026-06-29 16:24:44,605 - INFO - Processed 2000 transactions...
2026-06-29 16:24:44,641 - INFO - Transaction logs migration finished. Total: 2468
2026-06-29 16:27:42,945 - INFO - Scheduler has been shut down
2026-06-29 16:27:44,375 - INFO - 🚀 SHS Backend Starting...
2026-06-29 16:27:44,522 - INFO - ✅ Database ready and sequences synced.
2026-06-29 16:27:44,537 - INFO - Adding job tentatively -- it will be properly scheduled when the scheduler starts
2026-06-29 16:27:44,537 - INFO - Added job "perform_db_backup" to job store "default"
2026-06-29 16:27:44,537 - INFO - Scheduler started
2026-06-29 16:33:31,226 - INFO - Scheduler has been shut down
2026-06-29 16:33:32,592 - INFO - 🚀 SHS Backend Starting...
2026-06-29 16:33:32,724 - INFO - ✅ Database ready and sequences synced.
2026-06-29 16:33:32,739 - INFO - Adding job tentatively -- it will be properly scheduled when the scheduler starts
2026-06-29 16:33:32,739 - INFO - Added job "perform_db_backup" to job store "default"
2026-06-29 16:33:32,740 - INFO - Scheduler started
2026-06-29 16:34:30,694 - INFO - Starting legacy migration: Gentle data cleaning...
2026-06-29 16:34:30,748 - INFO - Parsing regions from SQL file...
2026-06-29 16:34:31,223 - INFO - Migrating POS machines...
2026-06-29 16:34:31,226 - INFO - Migrating customers...
2026-06-29 16:34:31,298 - INFO - Migrating transaction logs (Batch mode)...
2026-06-29 16:34:31,392 - INFO - Processed 500 transactions...
2026-06-29 16:34:31,419 - INFO - Processed 1000 transactions...
2026-06-29 16:34:31,448 - INFO - Processed 1500 transactions...
2026-06-29 16:34:31,480 - INFO - Processed 2000 transactions...
2026-06-29 16:34:31,509 - INFO - Transaction logs migration finished. Total: 2468
2026-06-29 16:37:06,952 - INFO - Scheduler has been shut down
2026-06-29 16:37:08,338 - INFO - 🚀 SHS Backend Starting...
2026-06-29 16:37:08,503 - INFO - ✅ Database ready and sequences synced.
2026-06-29 16:37:08,524 - INFO - Adding job tentatively -- it will be properly scheduled when the scheduler starts
2026-06-29 16:37:08,524 - INFO - Added job "perform_db_backup" to job store "default"
2026-06-29 16:37:08,524 - INFO - Scheduler started
2026-06-29 16:40:39,438 - INFO - Scheduler has been shut down
2026-06-29 16:40:48,257 - INFO - 🚀 SHS Backend Starting...
2026-06-29 16:40:49,073 - INFO - ✅ Database ready and sequences synced.
2026-06-29 16:40:49,122 - INFO - Adding job tentatively -- it will be properly scheduled when the scheduler starts
2026-06-29 16:40:49,123 - INFO - Added job "perform_db_backup" to job store "default"
2026-06-29 16:40:49,123 - INFO - Scheduler started
2026-06-29 16:43:16,360 - INFO - Scheduler has been shut down
2026-06-29 16:43:17,843 - INFO - 🚀 SHS Backend Starting...
2026-06-29 16:43:17,988 - INFO - ✅ Database ready and sequences synced.
2026-06-29 16:43:18,003 - INFO - Adding job tentatively -- it will be properly scheduled when the scheduler starts
2026-06-29 16:43:18,003 - INFO - Added job "perform_db_backup" to job store "default"
2026-06-29 16:43:18,003 - INFO - Scheduler started
2026-06-29 16:43:58,309 - INFO - Starting legacy migration: Cleaning business tables...
2026-06-29 16:43:58,414 - INFO - Using existing root region: QUEZELCO-1 (ID: 26)
2026-06-29 16:43:58,415 - INFO - Parsing regions from SQL file...
2026-06-29 16:43:58,906 - INFO - Migrating POS machines...
2026-06-29 16:43:58,909 - INFO - Migrating customers...
2026-06-29 16:43:58,983 - INFO - Migrating transaction logs (Batch mode)...
2026-06-29 16:43:59,066 - INFO - Processed 500 transactions...
2026-06-29 16:43:59,107 - INFO - Processed 1000 transactions...
2026-06-29 16:43:59,137 - INFO - Processed 1500 transactions...
2026-06-29 16:43:59,171 - INFO - Processed 2000 transactions...
2026-06-29 16:43:59,201 - INFO - Processed 2500 transactions...
2026-06-29 16:43:59,230 - INFO - Processed 3000 transactions...
2026-06-29 16:43:59,301 - INFO - Processed 3500 transactions...
2026-06-29 16:43:59,328 - INFO - Processed 4000 transactions...
2026-06-29 16:43:59,358 - INFO - Processed 4500 transactions...
2026-06-29 16:43:59,383 - INFO - Transaction logs migration finished. Total: 4877
2026-06-29 16:46:05,798 - INFO - Scheduler has been shut down
2026-06-29 16:46:07,752 - INFO - 🚀 SHS Backend Starting...
2026-06-29 16:46:07,859 - INFO - ✅ Database ready and sequences synced.
2026-06-29 16:46:07,888 - INFO - Adding job tentatively -- it will be properly scheduled when the scheduler starts
2026-06-29 16:46:07,889 - INFO - Added job "perform_db_backup" to job store "default"
2026-06-29 16:46:07,889 - INFO - Scheduler started
2026-06-29 16:51:43,689 - INFO - Scheduler has been shut down
2026-06-29 16:51:45,431 - INFO - 🚀 SHS Backend Starting...
2026-06-29 16:51:45,607 - INFO - ✅ Database ready and sequences synced.
2026-06-29 16:51:45,630 - INFO - Adding job tentatively -- it will be properly scheduled when the scheduler starts
2026-06-29 16:51:45,630 - INFO - Added job "perform_db_backup" to job store "default"
2026-06-29 16:51:45,630 - INFO - Scheduler started
2026-06-29 16:53:10,062 - INFO - Starting legacy migration: Gentle data cleaning...
2026-06-29 16:53:10,205 - INFO - Parsing regions from SQL file...
2026-06-29 16:53:10,762 - INFO - Migrating POS machines...
2026-06-29 16:53:10,767 - INFO - Migrating customers...
2026-06-29 16:53:10,848 - INFO - Migrating transaction logs...
2026-06-29 16:53:11,280 - INFO - Transactions migrated: 4877
2026-06-29 16:53:11,280 - INFO - Pruning unused regions...
2026-06-29 16:53:11,390 - INFO - Pruning complete. Kept 41 active regions.
2026-06-29 16:54:49,572 - INFO - Scheduler has been shut down
2026-06-29 16:54:52,958 - INFO - 🚀 SHS Backend Starting...
2026-06-29 16:54:53,275 - INFO - ✅ Database ready and sequences synced.
2026-06-29 16:54:53,328 - INFO - Adding job tentatively -- it will be properly scheduled when the scheduler starts
2026-06-29 16:54:53,329 - INFO - Added job "perform_db_backup" to job store "default"
2026-06-29 16:54:53,329 - INFO - Scheduler started
2026-06-29 16:55:46,582 - INFO - Starting legacy migration: Gentle data cleaning...
2026-06-29 16:55:46,636 - INFO - Parsing regions from SQL file...
2026-06-29 16:55:47,168 - INFO - Migrating POS machines...
2026-06-29 16:55:47,172 - INFO - Migrating customers...
2026-06-29 16:55:47,236 - INFO - Migrating transaction logs...
2026-06-29 16:55:47,615 - INFO - Transactions migrated: 4877
2026-06-29 16:55:47,615 - INFO - Pruning unused regions...
2026-06-29 16:55:47,744 - INFO - Pruning complete. Kept 41 active regions.
2026-06-29 16:56:54,335 - INFO - Scheduler has been shut down
2026-06-29 16:56:55,716 - INFO - 🚀 SHS Backend Starting...
2026-06-29 16:56:55,854 - INFO - ✅ Database ready and sequences synced.
2026-06-29 16:56:55,869 - INFO - Adding job tentatively -- it will be properly scheduled when the scheduler starts
2026-06-29 16:56:55,869 - INFO - Added job "perform_db_backup" to job store "default"
2026-06-29 16:56:55,870 - INFO - Scheduler started
2026-06-29 16:57:31,960 - INFO - Starting legacy migration: Gentle data cleaning...
2026-06-29 16:57:32,010 - INFO - Parsing regions from SQL file (Flattening mode)...
2026-06-29 16:57:32,497 - INFO - Migrating POS machines...
2026-06-29 16:57:32,500 - INFO - Migrating customers...
2026-06-29 16:57:32,567 - INFO - Migrating transaction logs...
2026-06-29 16:57:32,936 - INFO - Pruning unused regions...
2026-06-29 17:00:23,411 - INFO - Scheduler has been shut down
2026-06-29 17:00:24,830 - INFO - 🚀 SHS Backend Starting...
2026-06-29 17:00:25,048 - INFO - ✅ Database ready and sequences synced.
2026-06-29 17:00:25,066 - INFO - Adding job tentatively -- it will be properly scheduled when the scheduler starts
2026-06-29 17:00:25,066 - INFO - Added job "perform_db_backup" to job store "default"
2026-06-29 17:00:25,066 - INFO - Scheduler started
2026-06-29 17:01:25,936 - INFO - Starting legacy migration: Gentle data cleaning...
2026-06-29 17:01:26,039 - INFO - Parsing regions from SQL file (Flattening mode)...
2026-06-29 17:01:26,488 - INFO - Migrating POS machines...
2026-06-29 17:01:26,492 - INFO - Migrating customers...
2026-06-29 17:01:26,557 - INFO - Migrating transaction logs...
2026-06-29 17:01:26,910 - INFO - Pruning unused regions...
2026-06-29 17:02:53,493 - INFO - Scheduler has been shut down
2026-06-29 17:02:54,919 - INFO - 🚀 SHS Backend Starting...
2026-06-29 17:02:55,095 - INFO - ✅ Database ready and sequences synced.
2026-06-29 17:02:55,110 - INFO - Adding job tentatively -- it will be properly scheduled when the scheduler starts
2026-06-29 17:02:55,110 - INFO - Added job "perform_db_backup" to job store "default"
2026-06-29 17:02:55,110 - INFO - Scheduler started
2026-06-29 17:05:54,415 - INFO - Scheduler has been shut down
2026-06-29 17:05:55,798 - INFO - 🚀 SHS Backend Starting...
2026-06-29 17:05:56,016 - INFO - ✅ Database ready and sequences synced.
2026-06-29 17:05:56,042 - INFO - Adding job tentatively -- it will be properly scheduled when the scheduler starts
2026-06-29 17:05:56,042 - INFO - Added job "perform_db_backup" to job store "default"
2026-06-29 17:05:56,042 - INFO - Scheduler started
2026-06-29 17:08:26,509 - INFO - Scheduler has been shut down
2026-06-29 17:08:27,968 - INFO - 🚀 SHS Backend Starting...
2026-06-29 17:08:28,149 - INFO - ✅ Database ready and sequences synced.
2026-06-29 17:08:28,164 - INFO - Adding job tentatively -- it will be properly scheduled when the scheduler starts
2026-06-29 17:08:28,164 - INFO - Added job "perform_db_backup" to job store "default"
2026-06-29 17:08:28,164 - INFO - Scheduler started
2026-06-29 17:09:44,757 - INFO - Scheduler has been shut down
2026-06-29 17:09:46,394 - INFO - 🚀 SHS Backend Starting...
2026-06-29 17:09:46,618 - INFO - ✅ Database ready and sequences synced.
2026-06-29 17:09:46,637 - INFO - Adding job tentatively -- it will be properly scheduled when the scheduler starts
2026-06-29 17:09:46,637 - INFO - Added job "perform_db_backup" to job store "default"
2026-06-29 17:09:46,637 - INFO - Scheduler started
2026-06-29 17:10:10,282 - INFO - Scheduler has been shut down
2026-06-29 17:15:38,311 - INFO - 🚀 SHS Backend Starting...
2026-06-29 17:15:38,870 - INFO - ⚠️ Superadmin account not found, created default.
2026-06-29 17:15:38,897 - ERROR - ❌ Startup error: (psycopg2.errors.NotNullViolation) null value in column "mobile" of relation "users" violates not-null constraint
DETAIL:  Failing row contains (2, superadmin, $2b$12$rqPmBKQG5QkZJjl0P4tsd.frhsSZw19GtCmgEE0N3.ulglY6V7WGy, 0, t, f, Supplier, null, Support, null, null, null, null, null, Pangasinan, 1, null, 2026-06-29 17:15:38.89471).

[SQL: INSERT INTO users (username, password_hash, role, is_active, is_deleted, first_name, middle_name, last_name, mobile, landline, email, ice_name, ice_phone, province, region_id, address, created_at) VALUES (%(username)s, %(password_hash)s, %(role)s, %(is_active)s, %(is_deleted)s, %(first_name)s, %(middle_name)s, %(last_name)s, %(mobile)s, %(landline)s, %(email)s, %(ice_name)s, %(ice_phone)s, %(province)s, %(region_id)s, %(address)s, %(created_at)s) RETURNING users.id]
[parameters: {'username': 'superadmin', 'password_hash': '$2b$12$rqPmBKQG5QkZJjl0P4tsd.frhsSZw19GtCmgEE0N3.ulglY6V7WGy', 'role': 0, 'is_active': True, 'is_deleted': False, 'first_name': 'Supplier', 'middle_name': None, 'last_name': 'Support', 'mobile': None, 'landline': None, 'email': None, 'ice_name': None, 'ice_phone': None, 'province': 'Pangasinan', 'region_id': 1, 'address': None, 'created_at': datetime.datetime(2026, 6, 29, 17, 15, 38, 894710)}]
(Background on this error at: https://sqlalche.me/e/20/gkpj)
2026-06-29 17:15:38,915 - INFO - Adding job tentatively -- it will be properly scheduled when the scheduler starts
2026-06-29 17:15:38,915 - INFO - Added job "perform_db_backup" to job store "default"
2026-06-29 17:15:38,915 - INFO - Scheduler started
2026-06-29 17:18:48,303 - INFO - Scheduler has been shut down
2026-06-29 17:18:49,745 - INFO - 🚀 SHS Backend Starting...
2026-06-29 17:18:50,175 - INFO - ⚠️ Superadmin account not found, created default.
2026-06-29 17:18:50,199 - ERROR - ❌ Startup error: (psycopg2.errors.NotNullViolation) null value in column "mobile" of relation "users" violates not-null constraint
DETAIL:  Failing row contains (2, superadmin, $2b$12$mDXxZZRxozMuAct3VSicDOeGmHp3dJnWnw9O0RT3PD0pZujmWPLlq, 0, t, f, Supplier, null, Support, null, null, null, null, null, Pangasinan, 2, null, 2026-06-29 17:18:50.198483).

[SQL: INSERT INTO users (username, password_hash, role, is_active, is_deleted, first_name, middle_name, last_name, mobile, landline, email, ice_name, ice_phone, province, region_id, address, created_at) VALUES (%(username)s, %(password_hash)s, %(role)s, %(is_active)s, %(is_deleted)s, %(first_name)s, %(middle_name)s, %(last_name)s, %(mobile)s, %(landline)s, %(email)s, %(ice_name)s, %(ice_phone)s, %(province)s, %(region_id)s, %(address)s, %(created_at)s) RETURNING users.id]
[parameters: {'username': 'superadmin', 'password_hash': '$2b$12$mDXxZZRxozMuAct3VSicDOeGmHp3dJnWnw9O0RT3PD0pZujmWPLlq', 'role': 0, 'is_active': True, 'is_deleted': False, 'first_name': 'Supplier', 'middle_name': None, 'last_name': 'Support', 'mobile': None, 'landline': None, 'email': None, 'ice_name': None, 'ice_phone': None, 'province': 'Pangasinan', 'region_id': 2, 'address': None, 'created_at': datetime.datetime(2026, 6, 29, 17, 18, 50, 198483)}]
(Background on this error at: https://sqlalche.me/e/20/gkpj)
2026-06-29 17:18:50,215 - INFO - Adding job tentatively -- it will be properly scheduled when the scheduler starts
2026-06-29 17:18:50,215 - INFO - Added job "perform_db_backup" to job store "default"
2026-06-29 17:18:50,215 - INFO - Scheduler started
2026-06-29 17:19:39,101 - INFO - Scheduler has been shut down
2026-06-29 17:19:56,809 - INFO - 🚀 SHS Backend Starting...
2026-06-29 17:19:57,247 - INFO - ⚠️ Superadmin account not found, created default.
2026-06-29 17:19:57,272 - INFO - ✅ Database ready and sequences synced.
2026-06-29 17:19:57,285 - INFO - Adding job tentatively -- it will be properly scheduled when the scheduler starts
2026-06-29 17:19:57,285 - INFO - Added job "perform_db_backup" to job store "default"
2026-06-29 17:19:57,285 - INFO - Scheduler started
2026-06-29 17:24:06,356 - INFO - Scheduler has been shut down
2026-06-29 17:30:29,855 - INFO - 🚀 SHS Backend Starting...
2026-06-29 17:30:30,208 - INFO - ✅ Database ready and sequences synced.
2026-06-29 17:30:30,236 - INFO - Adding job tentatively -- it will be properly scheduled when the scheduler starts
2026-06-29 17:30:30,236 - INFO - Added job "perform_db_backup" to job store "default"
2026-06-29 17:30:30,237 - INFO - Scheduler started
2026-06-29 17:31:35,055 - INFO - 🚀 SHS Backend Starting...
2026-06-29 17:31:35,114 - INFO - ✅ Database ready and sequences synced.
2026-06-29 17:31:35,126 - INFO - Adding job tentatively -- it will be properly scheduled when the scheduler starts
2026-06-29 17:31:35,127 - INFO - Added job "perform_db_backup" to job store "default"
2026-06-29 17:31:35,127 - INFO - Scheduler started
2026-06-29 17:33:08,718 - INFO - Scheduler has been shut down
2026-06-29 17:33:10,180 - INFO - 🚀 SHS Backend Starting...
2026-06-29 17:33:10,385 - INFO - ✅ Database ready and sequences synced.
2026-06-29 17:33:10,400 - INFO - Adding job tentatively -- it will be properly scheduled when the scheduler starts
2026-06-29 17:33:10,401 - INFO - Added job "perform_db_backup" to job store "default"
2026-06-29 17:33:10,401 - INFO - Scheduler started
2026-06-29 17:34:32,107 - INFO - 🚀 SHS Backend Starting...
2026-06-29 17:34:32,183 - INFO - ✅ Database ready and sequences synced.
2026-06-29 17:34:32,196 - INFO - Adding job tentatively -- it will be properly scheduled when the scheduler starts
2026-06-29 17:34:32,196 - INFO - Added job "perform_db_backup" to job store "default"
2026-06-29 17:34:32,196 - INFO - Scheduler started
2026-06-29 17:36:31,528 - INFO - 🚀 SHS Backend Starting...
2026-06-29 17:36:31,606 - INFO - ✅ Database ready and sequences synced.
2026-06-29 17:36:31,619 - INFO - Adding job tentatively -- it will be properly scheduled when the scheduler starts
2026-06-29 17:36:31,620 - INFO - Added job "perform_db_backup" to job store "default"
2026-06-29 17:36:31,620 - INFO - Scheduler started
2026-06-29 17:38:53,779 - INFO - Scheduler has been shut down
2026-06-29 17:38:55,280 - INFO - 🚀 SHS Backend Starting...
2026-06-29 17:38:55,427 - INFO - ✅ Database ready and sequences synced.
2026-06-29 17:38:55,443 - INFO - Adding job tentatively -- it will be properly scheduled when the scheduler starts
2026-06-29 17:38:55,443 - INFO - Added job "perform_db_backup" to job store "default"
2026-06-29 17:38:55,443 - INFO - Scheduler started
2026-06-29 17:40:36,698 - INFO - 🚀 SHS Backend Starting...
2026-06-29 17:40:36,820 - INFO - ✅ Database ready and sequences synced.
2026-06-29 17:40:36,835 - INFO - Adding job tentatively -- it will be properly scheduled when the scheduler starts
2026-06-29 17:40:36,836 - INFO - Added job "perform_db_backup" to job store "default"
2026-06-29 17:40:36,836 - INFO - Scheduler started
2026-06-29 17:40:54,731 - INFO - 🚀 SHS Backend Starting...
2026-06-29 17:40:54,788 - INFO - ✅ Database ready and sequences synced.
2026-06-29 17:40:54,802 - INFO - Adding job tentatively -- it will be properly scheduled when the scheduler starts
2026-06-29 17:40:54,802 - INFO - Added job "perform_db_backup" to job store "default"
2026-06-29 17:40:54,802 - INFO - Scheduler started
2026-06-29 17:42:06,602 - INFO - Scheduler has been shut down
2026-06-29 17:42:08,689 - INFO - 🚀 SHS Backend Starting...
2026-06-29 17:42:08,814 - INFO - ✅ Database ready and sequences synced.
2026-06-29 17:42:08,843 - INFO - Adding job tentatively -- it will be properly scheduled when the scheduler starts
2026-06-29 17:42:08,843 - INFO - Added job "perform_db_backup" to job store "default"
2026-06-29 17:42:08,843 - INFO - Scheduler started
2026-06-29 17:50:22,200 - INFO - 🚀 SHS Backend Starting...
2026-06-29 17:50:22,271 - INFO - ✅ Database ready and sequences synced.
2026-06-29 17:50:22,288 - INFO - Adding job tentatively -- it will be properly scheduled when the scheduler starts
2026-06-29 17:50:22,288 - INFO - Added job "perform_db_backup" to job store "default"
2026-06-29 17:50:22,288 - INFO - Scheduler started
2026-06-29 17:52:31,702 - INFO - 🚀 SHS Backend Starting...
2026-06-29 17:52:31,764 - INFO - ✅ Database ready and sequences synced.
2026-06-29 17:52:31,777 - INFO - Adding job tentatively -- it will be properly scheduled when the scheduler starts
2026-06-29 17:52:31,777 - INFO - Added job "perform_db_backup" to job store "default"
2026-06-29 17:52:31,777 - INFO - Scheduler started
2026-06-29 17:56:54,768 - INFO - Scheduler has been shut down
2026-06-29 17:56:56,091 - INFO - 🚀 SHS Backend Starting...
2026-06-29 17:56:56,306 - INFO - ✅ Database ready and sequences synced.
2026-06-29 17:56:56,327 - INFO - Adding job tentatively -- it will be properly scheduled when the scheduler starts
2026-06-29 17:56:56,327 - INFO - Added job "perform_db_backup" to job store "default"
2026-06-29 17:56:56,327 - INFO - Scheduler started
2026-06-29 18:32:16,521 - INFO - Starting legacy migration: Gentle data cleaning...
2026-06-29 18:32:16,574 - INFO - Loaded 24 existing manual regions for matching.
2026-06-29 18:32:16,574 - INFO - Migrating POS machines...
2026-06-29 18:32:16,589 - INFO - Migrating customers...
2026-06-29 18:32:16,698 - INFO - Migrating transaction logs...
2026-06-29 18:32:16,924 - INFO - Transactions finished: 2468
2026-06-29 18:35:04,353 - INFO - Scheduler has been shut down
2026-06-29 18:35:05,733 - INFO - 🚀 SHS Backend Starting...
2026-06-29 18:35:05,853 - INFO - ✅ Database ready and sequences synced.
2026-06-29 18:35:05,875 - INFO - Adding job tentatively -- it will be properly scheduled when the scheduler starts
2026-06-29 18:35:05,876 - INFO - Added job "perform_db_backup" to job store "default"
2026-06-29 18:35:05,876 - INFO - Scheduler started
2026-06-29 18:41:49,071 - INFO - Scheduler has been shut down
2026-06-29 18:41:50,454 - INFO - 🚀 SHS Backend Starting...
2026-06-29 18:41:50,691 - INFO - ✅ Database ready and sequences synced.
2026-06-29 18:41:50,708 - INFO - Adding job tentatively -- it will be properly scheduled when the scheduler starts
2026-06-29 18:41:50,708 - INFO - Added job "perform_db_backup" to job store "default"
2026-06-29 18:41:50,709 - INFO - Scheduler started
2026-06-29 23:37:12,252 - INFO - Starting legacy migration: Cleaning and patching...
2026-06-29 23:39:07,770 - INFO - 🚀 SHS Backend Starting...
2026-06-29 23:39:07,894 - INFO - ✅ Database ready and sequences synced.
2026-06-29 23:39:07,909 - INFO - Adding job tentatively -- it will be properly scheduled when the scheduler starts
2026-06-29 23:39:07,909 - INFO - Added job "perform_db_backup" to job store "default"
2026-06-29 23:39:07,909 - INFO - Scheduler started
2026-06-30 10:27:37,255 - INFO - 🚀 SHS Backend Starting...
2026-06-30 10:27:37,329 - INFO - ✅ Database ready and sequences synced.
2026-06-30 10:27:37,343 - INFO - Adding job tentatively -- it will be properly scheduled when the scheduler starts
2026-06-30 10:27:37,343 - INFO - Added job "perform_db_backup" to job store "default"
2026-06-30 10:27:37,343 - INFO - Scheduler started
2026-06-30 10:28:41,465 - INFO - Starting legacy migration: Cleaning and patching...
2026-06-30 11:39:10,415 - INFO - Scheduler has been shut down
2026-06-30 11:39:13,702 - INFO - 🚀 SHS Backend Starting...
2026-06-30 11:39:14,892 - INFO - ✅ Database ready and sequences synced.
2026-06-30 11:39:15,030 - INFO - Adding job tentatively -- it will be properly scheduled when the scheduler starts
2026-06-30 11:39:15,031 - INFO - Added job "perform_db_backup" to job store "default"
2026-06-30 11:39:15,031 - INFO - Scheduler started
2026-09-13 11:00:16,733 - INFO - 🚀 SHS Backend Starting...
2026-09-13 11:00:16,823 - INFO - ✅ Database ready and sequences synced.
2026-09-13 11:00:16,840 - INFO - Adding job tentatively -- it will be properly scheduled when the scheduler starts
2026-09-13 11:00:16,840 - INFO - Added job "perform_db_backup" to job store "default"
2026-09-13 11:00:16,840 - INFO - Scheduler started
2026-09-13 11:10:35,334 - INFO - Scheduler has been shut down
2026-09-13 11:10:37,176 - INFO - 🚀 SHS Backend Starting...
2026-09-13 11:10:37,293 - INFO - ✅ Database ready and sequences synced.
2026-09-13 11:10:37,312 - INFO - Adding job tentatively -- it will be properly scheduled when the scheduler starts
2026-09-13 11:10:37,312 - INFO - Added job "perform_db_backup" to job store "default"
2026-09-13 11:10:37,312 - INFO - Scheduler started
2026-09-13 11:20:25,498 - INFO - 🚀 SHS Backend Starting...
2026-09-13 11:20:25,576 - INFO - ✅ Database ready and sequences synced.
2026-09-13 11:20:25,593 - INFO - Adding job tentatively -- it will be properly scheduled when the scheduler starts
2026-09-13 11:20:25,593 - INFO - Added job "perform_db_backup" to job store "default"
2026-09-13 11:20:25,593 - INFO - Scheduler started
2026-09-13 11:37:56,549 - INFO - Scheduler has been shut down
2026-09-13 11:37:57,764 - INFO - 🚀 SHS Backend Starting...
2026-09-13 11:37:57,850 - INFO - ✅ Database ready and sequences synced.
2026-09-13 11:37:57,867 - INFO - Adding job tentatively -- it will be properly scheduled when the scheduler starts
2026-09-13 11:37:57,867 - INFO - Added job "perform_db_backup" to job store "default"
2026-09-13 11:37:57,867 - INFO - Scheduler started
2026-09-13 12:00:00,071 - INFO - Running job "perform_db_backup (trigger: cron[hour='0,12', minute='0'], next run at: 2026-09-13 12:00:00 PST)" (scheduled at 2026-09-13 12:00:00+08:00)
2026-09-13 12:00:00,072 - INFO - ⏰ Starting automatic JSON data export...
2026-09-13 12:00:00,098 - INFO - ✅ Auto-export completed. File saved: backups/production_data_20260913_1200.json
2026-09-13 12:00:00,099 - INFO - 🗑️ Deleted old backup: backups/production_data_20260821_2334.json
2026-09-13 12:00:00,100 - INFO - Job "perform_db_backup (trigger: cron[hour='0,12', minute='0'], next run at: 2026-09-14 00:00:00 PST)" executed successfully
2026-09-13 12:11:23,840 - INFO - Scheduler has been shut down
2026-09-13 12:11:25,323 - INFO - 🚀 SHS Backend Starting...
2026-09-13 12:11:25,428 - INFO - ✅ Database ready and sequences synced.
2026-09-13 12:11:25,446 - INFO - Adding job tentatively -- it will be properly scheduled when the scheduler starts
2026-09-13 12:11:25,447 - INFO - Added job "perform_db_backup" to job store "default"
2026-09-13 12:11:25,447 - INFO - Scheduler started
2026-09-13 13:17:50,942 - INFO - Scheduler has been shut down
2026-09-13 13:17:52,058 - INFO - 🚀 SHS Backend Starting...
2026-09-13 13:17:52,144 - INFO - ✅ Database ready and sequences synced.
2026-09-13 13:17:52,164 - INFO - Adding job tentatively -- it will be properly scheduled when the scheduler starts
2026-09-13 13:17:52,164 - INFO - Added job "perform_db_backup" to job store "default"
2026-09-13 13:17:52,164 - INFO - Scheduler started
2026-09-13 13:18:11,162 - INFO - Scheduler has been shut down
2026-09-13 13:18:12,210 - INFO - 🚀 SHS Backend Starting...
2026-09-13 13:18:12,291 - INFO - ✅ Database ready and sequences synced.
2026-09-13 13:18:12,307 - INFO - Adding job tentatively -- it will be properly scheduled when the scheduler starts
2026-09-13 13:18:12,308 - INFO - Added job "perform_db_backup" to job store "default"
2026-09-13 13:18:12,308 - INFO - Scheduler started
2026-09-13 13:18:33,123 - INFO - Scheduler has been shut down
2026-09-13 13:18:34,180 - INFO - 🚀 SHS Backend Starting...
2026-09-13 13:18:34,261 - INFO - ✅ Database ready and sequences synced.
2026-09-13 13:18:34,278 - INFO - Adding job tentatively -- it will be properly scheduled when the scheduler starts
2026-09-13 13:18:34,278 - INFO - Added job "perform_db_backup" to job store "default"
2026-09-13 13:18:34,278 - INFO - Scheduler started
2026-09-13 13:19:15,193 - INFO - Scheduler has been shut down
2026-09-13 13:19:16,335 - INFO - 🚀 SHS Backend Starting...
2026-09-13 13:19:16,434 - INFO - ✅ Database ready and sequences synced.
2026-09-13 13:19:16,452 - INFO - Adding job tentatively -- it will be properly scheduled when the scheduler starts
2026-09-13 13:19:16,453 - INFO - Added job "perform_db_backup" to job store "default"
2026-09-13 13:19:16,453 - INFO - Scheduler started
2026-09-13 13:19:26,550 - INFO - Scheduler has been shut down
2026-09-13 13:19:27,644 - INFO - 🚀 SHS Backend Starting...
2026-09-13 13:19:27,728 - INFO - ✅ Database ready and sequences synced.
2026-09-13 13:19:27,745 - INFO - Adding job tentatively -- it will be properly scheduled when the scheduler starts
2026-09-13 13:19:27,745 - INFO - Added job "perform_db_backup" to job store "default"
2026-09-13 13:19:27,745 - INFO - Scheduler started
2026-09-13 13:19:57,951 - INFO - Scheduler has been shut down
2026-09-13 13:19:59,161 - INFO - 🚀 SHS Backend Starting...
2026-09-13 13:19:59,263 - INFO - ✅ Database ready and sequences synced.
2026-09-13 13:19:59,286 - INFO - Adding job tentatively -- it will be properly scheduled when the scheduler starts
2026-09-13 13:19:59,287 - INFO - Added job "perform_db_backup" to job store "default"
2026-09-13 13:19:59,287 - INFO - Scheduler started
2026-09-13 13:22:10,143 - INFO - 🚀 SHS Backend Starting...
2026-09-13 13:22:10,217 - INFO - ✅ Database ready and sequences synced.
2026-09-13 13:22:10,233 - INFO - Adding job tentatively -- it will be properly scheduled when the scheduler starts
2026-09-13 13:22:10,233 - INFO - Added job "perform_db_backup" to job store "default"
2026-09-13 13:22:10,233 - INFO - Scheduler started
2026-09-13 13:38:11,717 - INFO - 🚀 SHS Backend Starting...
2026-09-13 13:38:11,817 - INFO - ✅ Database ready and sequences synced.
2026-09-13 13:38:11,845 - INFO - Adding job tentatively -- it will be properly scheduled when the scheduler starts
2026-09-13 13:38:11,845 - INFO - Added job "perform_db_backup" to job store "default"
2026-09-13 13:38:11,845 - INFO - Scheduler started
2026-09-13 13:58:51,626 - INFO - 🚀 SHS Backend Starting...
2026-09-13 13:58:51,738 - INFO - ✅ Database ready and sequences synced.
2026-09-13 13:58:51,755 - INFO - Adding job tentatively -- it will be properly scheduled when the scheduler starts
2026-09-13 13:58:51,756 - INFO - Added job "perform_db_backup" to job store "default"
2026-09-13 13:58:51,756 - INFO - Scheduler started
2026-09-13 14:03:22,371 - INFO - Scheduler has been shut down
2026-09-13 14:03:24,182 - INFO - 🚀 SHS Backend Starting...
2026-09-13 14:03:24,311 - INFO - ✅ Database ready and sequences synced.
2026-09-13 14:03:24,331 - INFO - Adding job tentatively -- it will be properly scheduled when the scheduler starts
2026-09-13 14:03:24,331 - INFO - Added job "perform_db_backup" to job store "default"
2026-09-13 14:03:24,331 - INFO - Scheduler started
2026-09-13 14:23:01,332 - INFO - 🚀 SHS Backend Starting...
2026-09-13 14:23:01,415 - INFO - 🌱 No users found. Initializing default accounts...
2026-09-13 14:23:01,418 - ERROR - ❌ Startup error: (psycopg2.errors.UndefinedColumn) column "daily_rate" of relation "regions" does not exist
LINE 1: INSERT INTO regions (name, level, parent_id, daily_rate, las...
                                                     ^

[SQL: INSERT INTO regions (name, level, parent_id, daily_rate, last_rate_updated_at, last_rate_modified_by_id) VALUES (%(name)s, %(level)s, %(parent_id)s, %(daily_rate)s, %(last_rate_updated_at)s, %(last_rate_modified_by_id)s) RETURNING regions.id]
[parameters: {'name': 'Pangasinan', 'level': 0, 'parent_id': None, 'daily_rate': 7.0, 'last_rate_updated_at': None, 'last_rate_modified_by_id': None}]
(Background on this error at: https://sqlalche.me/e/20/f405)
2026-09-13 14:23:01,437 - INFO - Adding job tentatively -- it will be properly scheduled when the scheduler starts
2026-09-13 14:23:01,437 - INFO - Added job "perform_db_backup" to job store "default"
2026-09-13 14:23:01,437 - INFO - Scheduler started
2026-09-13 14:23:42,014 - INFO - 🚀 SHS Backend Starting...
2026-09-13 14:23:42,200 - INFO - 🌱 No users found. Initializing default accounts...
2026-09-13 14:23:42,202 - ERROR - ❌ Startup error: (psycopg2.errors.UndefinedColumn) column "daily_rate" of relation "regions" does not exist
LINE 1: INSERT INTO regions (name, level, parent_id, daily_rate, las...
                                                     ^

[SQL: INSERT INTO regions (name, level, parent_id, daily_rate, last_rate_updated_at, last_rate_modified_by_id) VALUES (%(name)s, %(level)s, %(parent_id)s, %(daily_rate)s, %(last_rate_updated_at)s, %(last_rate_modified_by_id)s) RETURNING regions.id]
[parameters: {'name': 'Pangasinan', 'level': 0, 'parent_id': None, 'daily_rate': 7.0, 'last_rate_updated_at': None, 'last_rate_modified_by_id': None}]
(Background on this error at: https://sqlalche.me/e/20/f405)
2026-09-13 14:23:42,218 - INFO - Adding job tentatively -- it will be properly scheduled when the scheduler starts
2026-09-13 14:23:42,218 - INFO - Added job "perform_db_backup" to job store "default"
2026-09-13 14:23:42,218 - INFO - Scheduler started
2026-09-13 14:25:59,663 - INFO - Scheduler has been shut down
2026-09-13 14:26:00,771 - INFO - 🚀 SHS Backend Starting...
2026-09-13 14:26:00,845 - INFO - 🌱 No users found. Initializing default accounts...
2026-09-13 14:26:00,847 - ERROR - ❌ Startup error: (psycopg2.errors.UndefinedColumn) column "daily_rate" of relation "regions" does not exist
LINE 1: INSERT INTO regions (name, level, parent_id, daily_rate, las...
                                                     ^

[SQL: INSERT INTO regions (name, level, parent_id, daily_rate, last_rate_updated_at, last_rate_modified_by_id) VALUES (%(name)s, %(level)s, %(parent_id)s, %(daily_rate)s, %(last_rate_updated_at)s, %(last_rate_modified_by_id)s) RETURNING regions.id]
[parameters: {'name': 'Pangasinan', 'level': 0, 'parent_id': None, 'daily_rate': 7.0, 'last_rate_updated_at': None, 'last_rate_modified_by_id': None}]
(Background on this error at: https://sqlalche.me/e/20/f405)
2026-09-13 14:26:00,864 - INFO - Adding job tentatively -- it will be properly scheduled when the scheduler starts
2026-09-13 14:26:00,864 - INFO - Added job "perform_db_backup" to job store "default"
2026-09-13 14:26:00,864 - INFO - Scheduler started
2026-09-13 14:30:05,538 - INFO - Scheduler has been shut down
2026-09-13 14:30:16,061 - INFO - 🚀 SHS Backend Starting...
2026-09-13 14:30:16,151 - INFO - ✅ Database ready and sequences synced.
2026-09-13 14:30:16,167 - INFO - Adding job tentatively -- it will be properly scheduled when the scheduler starts
2026-09-13 14:30:16,167 - INFO - Added job "perform_db_backup" to job store "default"
2026-09-13 14:30:16,167 - INFO - Scheduler started
2026-09-13 14:31:09,800 - WARNING - ❌ Validation Error on /api/v1/solar_device/create: [body -> production_date]: Field required
2026-09-13 14:39:56,361 - WARNING - ❌ Validation Error on /api/v1/solar_device/create: [body -> production_date]: Field required
2026-09-14 00:56:48,268 - WARNING - Run time of job "perform_db_backup (trigger: cron[hour='0,12', minute='0'], next run at: 2026-09-14 00:00:00 PST)" was missed by 0:56:48.268582
2026-09-14 02:07:27,069 - INFO - Scheduler has been shut down
2026-09-14 02:07:28,265 - INFO - 🚀 SHS Backend Starting...
2026-09-14 02:07:28,459 - INFO - ✅ Database ready and sequences synced.
2026-09-14 02:07:28,474 - INFO - Adding job tentatively -- it will be properly scheduled when the scheduler starts
2026-09-14 02:07:28,474 - INFO - Added job "perform_db_backup" to job store "default"
2026-09-14 02:07:28,474 - INFO - Scheduler started
2026-09-14 17:41:37,806 - INFO - 🚀 SHS Backend Starting...
2026-09-14 17:41:37,890 - INFO - ✅ Database ready and sequences synced.
2026-09-14 17:41:37,904 - INFO - Adding job tentatively -- it will be properly scheduled when the scheduler starts
2026-09-14 17:41:37,904 - INFO - Added job "perform_db_backup" to job store "default"
2026-09-14 17:41:37,904 - INFO - Scheduler started
2026-09-14 19:21:26,796 - INFO - 🚀 SHS Backend Starting...
2026-09-14 19:21:26,887 - INFO - ✅ Database ready and sequences synced.
2026-09-14 19:21:26,904 - INFO - Adding job tentatively -- it will be properly scheduled when the scheduler starts
2026-09-14 19:21:26,904 - INFO - Added job "perform_db_backup" to job store "default"
2026-09-14 19:21:26,904 - INFO - Scheduler started
2026-09-14 19:21:48,028 - INFO - 🚀 SHS Backend Starting...
2026-09-14 19:21:48,114 - INFO - ✅ Database ready and sequences synced.
2026-09-14 19:21:48,132 - INFO - Adding job tentatively -- it will be properly scheduled when the scheduler starts
2026-09-14 19:21:48,136 - INFO - Added job "perform_db_backup" to job store "default"
2026-09-14 19:21:48,136 - INFO - Scheduler started
2026-09-14 23:10:29,831 - INFO - 🚀 SHS Backend Starting...
2026-09-14 23:10:29,905 - INFO - ✅ Database ready and sequences synced.
2026-09-14 23:10:29,920 - INFO - Adding job tentatively -- it will be properly scheduled when the scheduler starts
2026-09-14 23:10:29,920 - INFO - Added job "perform_db_backup" to job store "default"
2026-09-14 23:10:29,920 - INFO - Scheduler started
2026-09-14 23:37:28,216 - INFO - 🚀 SHS Backend Starting...
2026-09-14 23:37:28,293 - INFO - ✅ Database ready and sequences synced.
2026-09-14 23:37:28,306 - INFO - Adding job tentatively -- it will be properly scheduled when the scheduler starts
2026-09-14 23:37:28,306 - INFO - Added job "perform_db_backup" to job store "default"
2026-09-14 23:37:28,306 - INFO - Scheduler started
2026-09-14 23:42:05,169 - INFO - Scheduler has been shut down
2026-09-14 23:42:06,321 - INFO - 🚀 SHS Backend Starting...
2026-09-14 23:42:06,431 - INFO - ✅ Database ready and sequences synced.
2026-09-14 23:42:06,449 - INFO - Adding job tentatively -- it will be properly scheduled when the scheduler starts
2026-09-14 23:42:06,449 - INFO - Added job "perform_db_backup" to job store "default"
2026-09-14 23:42:06,449 - INFO - Scheduler started
2026-09-15 00:00:00,016 - INFO - Running job "perform_db_backup (trigger: cron[hour='0,12', minute='0'], next run at: 2026-09-15 00:00:00 PST)" (scheduled at 2026-09-15 00:00:00+08:00)
2026-09-15 00:00:00,018 - INFO - ⏰ Starting automatic JSON data export...
2026-09-15 00:00:00,223 - INFO - ✅ Auto-export completed. File saved: backups/production_data_20260915_0000.json
2026-09-15 00:00:00,224 - INFO - 🗑️ Deleted old backup: backups/production_data_20260822_0000.json
2026-09-15 00:00:00,230 - INFO - Job "perform_db_backup (trigger: cron[hour='0,12', minute='0'], next run at: 2026-09-15 12:00:00 PST)" executed successfully
2026-09-15 00:02:59,818 - INFO - 🚀 SHS Backend Starting...
2026-09-15 00:02:59,915 - INFO - ✅ Database ready and sequences synced.
2026-09-15 00:02:59,931 - INFO - Adding job tentatively -- it will be properly scheduled when the scheduler starts
2026-09-15 00:02:59,932 - INFO - Added job "perform_db_backup" to job store "default"
2026-09-15 00:02:59,932 - INFO - Scheduler started
2026-09-15 01:36:28,089 - INFO - 🚀 SHS Backend Starting...
2026-09-15 01:36:28,258 - INFO - ✅ Database ready and sequences synced.
2026-09-15 01:36:28,274 - INFO - Adding job tentatively -- it will be properly scheduled when the scheduler starts
2026-09-15 01:36:28,274 - INFO - Added job "perform_db_backup" to job store "default"
2026-09-15 01:36:28,274 - INFO - Scheduler started
2026-09-15 09:23:36,985 - INFO - 🚀 SHS Backend Starting...
2026-09-15 09:23:37,022 - ERROR - ❌ Startup error: (psycopg2.OperationalError) connection to server at "localhost" (::1), port 5432 failed: Connection refused
	Is the server running on that host and accepting TCP/IP connections?
connection to server at "localhost" (127.0.0.1), port 5432 failed: Connection refused
	Is the server running on that host and accepting TCP/IP connections?

(Background on this error at: https://sqlalche.me/e/20/e3q8)
2026-09-15 09:23:37,037 - INFO - Adding job tentatively -- it will be properly scheduled when the scheduler starts
2026-09-15 09:23:37,038 - INFO - Added job "perform_db_backup" to job store "default"
2026-09-15 09:23:37,038 - INFO - Scheduler started
2026-09-15 10:24:18,891 - INFO - 🚀 SHS Backend Starting...
2026-09-15 10:24:18,996 - INFO - ✅ Database ready and sequences synced.
2026-09-15 10:24:19,011 - INFO - Adding job tentatively -- it will be properly scheduled when the scheduler starts
2026-09-15 10:24:19,011 - INFO - Added job "perform_db_backup" to job store "default"
2026-09-15 10:24:19,011 - INFO - Scheduler started
2026-09-15 11:23:41,021 - INFO - 🚀 SHS Backend Starting...
2026-09-15 11:23:41,124 - INFO - ✅ Database ready and sequences synced.
2026-09-15 11:23:41,139 - INFO - Adding job tentatively -- it will be properly scheduled when the scheduler starts
2026-09-15 11:23:41,139 - INFO - Added job "perform_db_backup" to job store "default"
2026-09-15 11:23:41,139 - INFO - Scheduler started
2026-09-15 12:00:00,137 - INFO - Running job "perform_db_backup (trigger: cron[hour='0,12', minute='0'], next run at: 2026-09-15 12:00:00 PST)" (scheduled at 2026-09-15 12:00:00+08:00)
2026-09-15 12:00:00,138 - INFO - ⏰ Starting automatic JSON data export...
2026-09-15 12:00:00,197 - INFO - ✅ Auto-export completed. File saved: backups/production_data_20260915_1200.json
2026-09-15 12:00:00,199 - INFO - 🗑️ Deleted old backup: backups/production_data_20260824_0000.json
2026-09-15 12:00:00,202 - INFO - Job "perform_db_backup (trigger: cron[hour='0,12', minute='0'], next run at: 2026-09-16 00:00:00 PST)" executed successfully
2026-09-15 15:26:17,222 - INFO - Scheduler has been shut down
2026-09-15 15:26:18,402 - INFO - 🚀 SHS Backend Starting...
2026-09-15 15:26:18,513 - INFO - ✅ Database ready and sequences synced.
2026-09-15 15:26:18,532 - INFO - Adding job tentatively -- it will be properly scheduled when the scheduler starts
2026-09-15 15:26:18,533 - INFO - Added job "perform_db_backup" to job store "default"
2026-09-15 15:26:18,533 - INFO - Scheduler started
2026-09-15 15:35:51,847 - INFO - Scheduler has been shut down
2026-09-15 15:35:52,926 - INFO - 🚀 SHS Backend Starting...
2026-09-15 15:35:53,035 - INFO - 🚀 开始执行旧版 PV 数据无损迁移至 solar_pv_panels 物理独立表...
2026-09-15 15:35:53,038 - INFO - 📊 扫描到 1 条历史设备数据，开始提取 PV 光伏板记录...
2026-09-15 15:35:53,040 - INFO - 🎉 迁移成功！新建 PV 独立记录: 0 条，已存在跳过: 1 条。
2026-09-15 15:35:53,040 - INFO - ✅ Database ready and sequences synced.
2026-09-15 15:35:53,057 - INFO - Adding job tentatively -- it will be properly scheduled when the scheduler starts
2026-09-15 15:35:53,057 - INFO - Added job "perform_db_backup" to job store "default"
2026-09-15 15:35:53,057 - INFO - Scheduler started
2026-09-15 21:01:11,691 - INFO - Scheduler has been shut down
2026-09-16 13:37:08,945 - INFO - 🚀 SHS Backend Starting...
2026-09-16 13:37:09,056 - INFO - 🚀 开始执行旧版 PV 数据无损迁移至 solar_pv_panels 物理独立表...
2026-09-16 13:37:09,060 - INFO - 📊 扫描到 2 条历史设备数据，开始提取 PV 光伏板记录...
2026-09-16 13:37:09,062 - INFO - 🎉 迁移成功！新建 PV 独立记录: 0 条，已存在跳过: 2 条。
2026-09-16 13:37:09,062 - INFO - ✅ Database ready and sequences synced.
2026-09-16 13:37:09,077 - INFO - Adding job tentatively -- it will be properly scheduled when the scheduler starts
2026-09-16 13:37:09,078 - INFO - Added job "perform_db_backup" to job store "default"
2026-09-16 13:37:09,078 - INFO - Scheduler started
2026-09-16 13:38:43,780 - INFO - Scheduler has been shut down
2026-09-16 13:38:44,904 - INFO - 🚀 SHS Backend Starting...
2026-09-16 13:38:45,009 - INFO - ✅ Database ready and sequences synced.
2026-09-16 13:38:45,027 - INFO - Adding job tentatively -- it will be properly scheduled when the scheduler starts
2026-09-16 13:38:45,028 - INFO - Added job "perform_db_backup" to job store "default"
2026-09-16 13:38:45,028 - INFO - Scheduler started
2026-09-16 13:59:55,659 - INFO - 🚀 SHS Backend Starting...
2026-09-16 13:59:55,749 - INFO - ✅ Database ready and sequences synced.
2026-09-16 13:59:55,770 - INFO - Adding job tentatively -- it will be properly scheduled when the scheduler starts
2026-09-16 13:59:55,770 - INFO - Added job "perform_db_backup" to job store "default"
2026-09-16 13:59:55,770 - INFO - Scheduler started
2026-09-16 14:25:23,071 - INFO - 🚀 SHS Backend Starting...
2026-09-16 14:25:23,145 - INFO - ✅ Database ready and sequences synced.
2026-09-16 14:25:23,159 - INFO - Adding job tentatively -- it will be properly scheduled when the scheduler starts
2026-09-16 14:25:23,159 - INFO - Added job "perform_db_backup" to job store "default"
2026-09-16 14:25:23,159 - INFO - Scheduler started
2026-09-16 15:14:56,329 - INFO - 🚀 SHS Backend Starting...
2026-09-16 15:14:56,420 - INFO - ✅ Database ready and sequences synced.
2026-09-16 15:14:56,437 - INFO - Adding job tentatively -- it will be properly scheduled when the scheduler starts
2026-09-16 15:14:56,437 - INFO - Added job "perform_db_backup" to job store "default"
2026-09-16 15:14:56,437 - INFO - Scheduler started
2026-09-16 16:15:08,524 - INFO - 🚀 SHS Backend Starting...
2026-09-16 16:15:08,596 - INFO - ✅ Database ready and sequences synced.
2026-09-16 16:15:08,611 - INFO - Adding job tentatively -- it will be properly scheduled when the scheduler starts
2026-09-16 16:15:08,611 - INFO - Added job "perform_db_backup" to job store "default"
2026-09-16 16:15:08,611 - INFO - Scheduler started
2026-09-16 17:06:34,493 - INFO - 🚀 SHS Backend Starting...
2026-09-16 17:06:34,580 - INFO - ✅ Database ready and sequences synced.
2026-09-16 17:06:34,595 - INFO - Adding job tentatively -- it will be properly scheduled when the scheduler starts
2026-09-16 17:06:34,595 - INFO - Added job "perform_db_backup" to job store "default"
2026-09-16 17:06:34,596 - INFO - Scheduler started
2026-09-16 17:10:00,046 - INFO - 🚀 SHS Backend Starting...
2026-09-16 17:10:00,122 - INFO - ✅ Database ready and sequences synced.
2026-09-16 17:10:00,136 - INFO - Adding job tentatively -- it will be properly scheduled when the scheduler starts
2026-09-16 17:10:00,136 - INFO - Added job "perform_db_backup" to job store "default"
2026-09-16 17:10:00,136 - INFO - Scheduler started
2026-09-18 13:41:22,051 - INFO - 🚀 SHS Backend Starting...
2026-09-18 13:41:22,149 - INFO - ✅ Database ready and sequences synced.
2026-09-18 13:41:22,166 - INFO - Adding job tentatively -- it will be properly scheduled when the scheduler starts
2026-09-18 13:41:22,166 - INFO - Added job "perform_db_backup" to job store "default"
2026-09-18 13:41:22,166 - INFO - Scheduler started
